**ЗАГАЛЬНІ**,,
1000,Невідома помилка,"Це невизначена та непередбачувана помилка. Якщо це сталося, будь ласка, зробіть скріншот помилки та зверніться до служби підтримки, з описом кроків, які призвели до помилки, для з'ясування та усунення проблеми"
1001,Запис не знайдено,"Запис з відповідним параметром запиту не знайдено в базі даних. Будь ласка, перевірте Ваш запит, звірте з документацією та надішліть повторно"
1002,Помилка перетворення XSLT. {0},"Помилка перетворення XSLT. Це трапляється, якщо ми не можемо перетворити  XML документ, використовуючи XSLT шаблон та отримати XML структуру конверта. Будь ласка, зверніть увагу на деталі помилки та конкретний рядок"
1003,Погані дані зображення,"Не вдалося обробити зображення в запиті, спробуйте інший формат та/або властивості зображення"
1004,"Порожнє значення для обов'язкового поля","Ви надіслали порожнє значення для обов’язкового поля. Будь ласка, перевірте параметри запиту та відправте ще раз"
1005,Занадто багато запитів,"Ви надіслали забагато запитів для певної кінцевої точки та користувача. Будь ласка, спробуйте ще раз через 10 хвилин"
1006,Валідація не пройшла. {0},"Помилка виникає якщо будь-які правила перевірки полів не вдалися. Перегляньте деталі помилки, щоб знайти конкретне поле та правило невдалої перевірки"
1007,Документ змінений,"Документ уже змінено. Будь ласка, надішліть запит на оновлений документ, а потім змініть його"
1008,Неправильний XML. {0},"Структура XML невірна, прочитайте опис помилки для уточнення деталей"
1009,Код підтвердження відсутній,"У запиті не вказано код підтвердження. Будь ласка, перевірте свій запит, звірте з документацією та надішліть повторно"
1010,"Будь ласка, спробуйте пізніше. На даний момент відбувається формування файлів","На даний момент відбувається формування файлів. Щоб отримати файли, будь ласка, зачекайте, доки процес формування завершиться, а потім повторіть спробу"
1011,Неочікуваний тип вмісту: {0},"Тип завантаженого документа невірний або не відповідає дозволеним. Допустимі типи: CSV, XLS"
1012,Не вдається обчислити хеш файлу,Додаток не може обчислити хеш надісланого вами файлу
1013,"Поле '{0}' повинно мати довжину від {1} символів",Введена кількість символів менша за мінімально допустиму довжину символів
1014,"Поле '{0}' повинно мати довжину менше {1} символів",Кількість введених символів перевищує максимально допустиму довжину символів
1015,"Поле '{0}' повинно мати довжину від {1} до {2} символів",Введена кількість символів повинна знаходитися в інтервалі валідації
1016,Непідтримувана локаль: {0},Локаль не підтримується системою
1017,{0},"Відбулася перевірка пароля. Пароль повинен бути більш складним та містити латинські символи в нижньому та верхньому регістрах, а також спеціальні символи"
1018,Невірній часовий пояс: {0},Часовий пояс не підтримується системою
1019,Файл не готовий до завантаження,"Файл, який ви запитуєте, не готовий до завантаження. Будь ласка, зачекайте дейкий час та спробуйте ще раз"
1020,"Невірне ім'я файлу: {0}","Ім'я файлу невірне"
1021,Помилка завантаження файлу: {0},"Файл не може бути завантажений. Будь ласка, зверніть увагу на пояснення в повідомленні про помилку"
1022,"Обов'язковий заголовок запиту '{0}'","У цьому запиті обов'язковим є заголовок запиту. Будь ласка, перевірте свій запит, звірте з документацією та надішліть повторно"
1023,"Обов'язковий параметр запиту '{0}'","Необхідний параметр запиту. Будь ласка, перевірте свій запит, порівняйте з документацією та надішліть ще раз"
1024,"Обов'язковий параметр тіла запиту '{0}'","У цьому запиті обов'язково потрібно вказати тіло запиту. Будь ласка, перевірте свій запит, порівняйте з документацією та надішліть повторно"
1025,"Обов'язковий параметр у шляху запиту '{0}'","У цьому запиті необхідний параметр у шляху запиту. Будь ласка, перевірте свій запит, порівняйте з документацією та надішліть ще раз"
1026,Помилка аутентифікації,"Помилка аутентифікації, будь ласка, перевірте, введені вами, дані авторизації. Якщо помилка виникне повторно, будь ласка, запишіть дату та час спроби авторизації та зверніться у службу підтримки"
1027,Термін дії токену автентифікації закінчився або його відкликано,Термін дії токену автентифікації минув або його було скасовано. Для вирішення проблеми авторизуйтеся ще раз
1028,Стандартні виключення Spring MVC: {0},Виникло одне зі стандартних винятків сервера. Перегляньте повідомлення про помилку та перевірте дані запиту на наявність помилок
1029,"Файл '{0}' перевищив максимальний розмір: {1} > {2}","Розмір файлу перевищує ліміт для завантаження. Будь ласка, зверніть увагу на максимальний розмір у коді помилки та спробуйте завантажити файл з меншим розміром."
1030,"Невідповідність типу файлу для зображення '{0}'","Тип файлу зображення не відповідає дозволеним типам файлів. Дозволені типи файлів: png, jpg, jpeg."
1031,"Зображення '{0}' перевищило максимальний розмір: {1}x{2}","Розмір зображення перевищує ліміт для завантаження. Будь ласка, зверніть увагу на максимальний розмір у коді помилки та спробуйте завантажити файл з меншим розміром."
1032,Вкладення {0} не знайдено,"Вкладення з таким UUID не знайдено. Будь ласка, перевірте правильність введеного значення"
1033,"Формат вкладення '{0}' не відповідає формату {1}","Вкладення не може бути завантажено через неправильний формат файлу. Будь ласка, використайте один з дозволених форматів зі списку"
1034,"Джерело зображення '{0}' невірне","Тег image підтримує тільки префікси 'data:' і 'image-uuid:' для атрибута source"
1035,"Атрибут Hash повинен бути вказаний для '{0}'",Атрибут Hash необхідний для підписання документа
1036,"Хеші прикріпленого файлу не збігаються для '{0}'",Перевірте правильність хешів для файлу
1037,Повторне використання пароля неможливе,Не використовуйте попередні паролі
1038,"Будь ласка, прийміть Загальні положення та умови та Політику конфіденційності","Будь ласка, прочитайте та прийміть Загальні положення та умови та Політику конфіденційності."
1039,Прикріплений файл {0} було завантажено іншою поштовою скринькою {1},Прикріплений файл не може бути використано в поточній поштовій скриньці
1040,Для діапазону повинно бути вказано 2 дати,Неправильно вказано діапазон дат. Правильний формат діапазону - дата/дата у форматі дати ISO 8601
1041,Запитаний діапазон поза межами,Запитаний діапазон поза межами
1042,Ланцюг коментарів {0} не знайдено,"Ланцюг коментарів з введеним UUID не знайдено. Будь ласка, перевірте правильність введених даних"
1043,Доступ до ланцюгу коментарів {0} заборонено,"Доступ до ланцюгу коментарів з введеним UUID заборонено. Будь ласка, перевірте правильність введених даних"
1044,Повідомлення з ідентифікатором {0} в ланцюзі коментарів {1} не знайдено,"Такого повідомлення немає в ланцюзі коментарів. Будь ласка, перевірте правильність введених даних"
1045,Основна тема для ланцюга вже існує,"Будь ласка, вкажіть XPath і створіть нову тему"
1046,Ланцюг {0} вже вирішено або видалено і не може бути змінено,"Немає можливості оновлювати ланцюг, тому що він був вирішений чи видалений"
1047,"Вкладення '{0}' перевищено максимальну довжину імені: {1}","Довжина імені вкладеного файлу перевищує ліміт назви файлу для завантаження. Будь ласка, зверніть увагу на максимальну довжину в коді помилки і спробуйте завантажити файл з меншою довжиною"
1048,Термін дії пароля закінчився,"Будь ласка, оновіть пароль"
1049,"Щоб захистити ваш обліковий запис від злому, ми тимчасово заблокували можливість авторизації. Зачекайте {0} хвилин або натисніть ""Забули пароль?""","Будь ласка, зачекайте трохи та спробуйте пізніше"
1050,"Дозволено лише один сеанс. Будь ласка, вийдіть з іншого",Додаткова сесія заблокована
1051,IP-адреса заблокована,Зверніться до адміністратора платформи/акаунту
1052,Неправильний формат IP або IP-діапазону для [{0}].,"Будь ласка, виправте формат IP"
1053,Підсервіс недоступний: {0},"Виникла інфраструктурна проблема. Будь ласка, спробуйте пізніше"
1054,Помилка підсервісу з повідомленням: {0},Виникла помилка на стороні підсервісу
1055,Занадто великий запит,"Будь ласка, зменшіть розмір файлу/запиту"
1056,Очікується адреса електронної пошти для авторизації SSO,"Будь ласка, змініть ім'я користувача на адресу електронної пошти у вашому постачальнику ідентифікаційних даних"
1057,Непідтримуваний рівень доступу: {0},Рівень доступу в цьому контексті не підтримується
1058,Спільна категорія може належати тільки до спільної категорії,Спільна категорія може належати тільки до спільної категорії
1059,"uuids' або 'searchParams' повинні бути вказані окремо","Будь ласка, надішліть 'uuids' або 'searchParams'"
1060,"Зображення '{0}' менше мінімального розміру: {1}x{2}","Розмір зображення менший за ліміт для завантаження. Будь ласка, зверніть увагу на мінімальний розмір у коді помилки та спробуйте завантажити файл з більшим розміром."
1061,"Неправильно вказана адреса електронної пошти або пароль. Спробуйте ще раз або натисніть ""Забули пароль?"", щоб скинути його",Введена адреса електронної пошти або пароль невірні
1062,"Неправильно вказана адреса електронної пошти або пароль. У вас залишилася 1 спроба. Щоб уникнути тимчасового блокування, натисніть ""Забули пароль?""",Введена адреса електронної пошти або пароль невірні
1063,{0},Запит відхилено системою
1064,"Будь ласка, увійдіть за допомогою SSO",Корпоративний користувач не може зареєструватися або увійти за допомогою пароля
1065,Неправильний формат коду,"Будь ласка, надішліть правильний код з електронної пошти"
1066,Поле {0} не може бути порожнім,"Будь ласка, встановіть значення поля"
1068,Непідтримуваний формат {0},Цей формат неможливо обробити
1069,Для спільних поштових скриньок необхідно вказати рівень доступу = спільний,"Перевірте, чи заповнені спільні поштові скриньки"
1070,"Поле дати '{0}' має бути більшим за поточну дату","Будь ласка, змініть значення дати"
1071,Помилка конвертаціі файлу: {0},Помилка конвертаціі файлу
1072,Невірна дата ISO: {0},"Формат дати неправильний, будь ласка, використовуйте формат дати ISO 8601"
1073,"Файл '{0}' неможливо завантажити, оскільки жодна сторінка не відповідає дозволеному розміру {1}","Будь ласка, використовуйте інший файл"
**КОРИСТУВАЧ/ПРОФІЛЬ**,,
10001,Користувача {0} не знайдено,Користувача із запитуваним UUID не знайдено
10002,Користувача {0} видалено,Користувач був видалений і не може бути використаний
10003,Підтверджуюче повідомлення не дійсне,"Введене підтверджувальне повідомлення не є дійсним. Підтверджувальне повідомлення має бути електронною адресою користувача у верхньому регістрі (наприклад: ""EMAIL@EXAMPLE.COM"")"
10004,Така адреса електронної пошти вже використовується: {0},Користувач з такою адресою електронної пошти вже зареєстрований
10005,Користувач вже активований,Користувач вже активований. Для роботи в системі необхідно авторизуватися
10006,Запрошення для іншого користувача,"Відкритий вміст не належить вашому конкретному користувачеві, увійдіть з іншими обліковими даними, щоб мати змогу переглянути вміст"
10007,Сповіщення {0} для користувача не знайдено,Немає сповіщеннь для поточного користувача
10008,Код підтвердження електронної пошти не знайдено або закінчився термін дії,Не знайдено або закінчився термін дії коду підтвердження електронної пошти. Перевірте правильність введеного коду або надішліть новий.
10009,Код запрошення не знайдено або минув термін дії,Код запрошення не знайдено або термін дії запрошення закінчився. Перевірте правильність введеного коду або попросіть надіслати новий.
10010,"Термін дії вашого запрошення закінчився, будь ласка зареєструйтесь звичайним способом",Термін дії коду запрошення закінчився. Спробуйте зареєструватися звичайним способом та підтвердити електронну пошту.
10011,Запрошення не знайдено або термін дії запрошення закінчився,Запрошення для поточного користувача не існує або закінчився термін дії
10012,Email запрошення порожній,Неможливо створити запрошення через порожнє обовʼязкове поле адреси електорнної пошти
10013,Акаунт не надано для оновлення,"У запиті пропущений параметр акаунт. Будь ласка, перевірте свій запит, порівняйте з документацією та надішліть ще раз"
10014,Не надано дозволів на оновлення,"У запиті відсутній перелік дозволів. Будь ласка, перевірте свій запит, звірте з документацією та надішліть повторно"
10015,"Використовується невірна роль '{0}'","Роль невірна для поточного запиту, будь ласка, перевірте, що введений UUID ролі існує"
10017,"Колір '{0}' має неправильний формат","Невірний формат кольору у запиті. Будь ласка, використовуйте формат кольору #FFFFFF"
10018,Користувач вже заблокований,Користувача вже заблоковано
10020,Користувач вже запрошений,Цей користувач вже запрошений до цієї сутності
10021,Корпоративний користувач не може себе видалити,Видалити корпоративного користувача може тільки адміністратор облікового запису
10022,Корпоративний користувач не може створити новий акаунт,За акаунтом вже закріплений корпоративний користувач і його неможливо змінити
10023,Користувач {0} не є корпоративним,Поточна дія може бути застосована тільки для корпоративного користувача
10024,"Користувач '{0}' вже має доступ до облікового запису/поштової скриньки","Даний користувач вже має доступ до цих об'єктів"
10025,Неправильний пароль,"Попередній пароль невірний. Будь ласка, перевірте правильність введеного пароля"
10026,Користувач неактивний,Користувач ще не підтвердив електронну пошту
10027,Користувач {0} є корпоративним,Поточна дія може бути застосована тільки для не корпоративного користувача
10028,Для акаунту компанії необхідно вказати ІПН,"Будь ласка, додайте відсутні властивості до запиту"
10029,Невірний номер телефону,Номер телефону повинен бути в міжнародному форматі
10030,Ця кінцева точка може бути виконана тільки для користувача з простроченим паролем,"Активний користувач має використовувати іншу кінцеву точку, перевірте документацію"
10031,Користувач вже існує,Адреса електронної пошти вже зареєстрована в системі
10032,Користувача заблоковано,Попросіть свого системного адміністратора розблокувати
10033,Термін дії запису перевірки минув,"Будь ласка, повторіть операцію"
10034,Поштова скринька автоматичного внесення не налаштована,Для користувача має бути налаштована поштова скринька автоматичного внесення
**АКАУНТ**,,
20001,Акаунт {0} не знайдено,"Акаунт з введеним UUID не знайдено. Будь ласка, перевірте дані запиту"
20002,Акаунт {0} видалено,Акаунт із введеним UUID рахунку видалено
20004,Дозволяється використовувати тільки одну поштову скриньку,В даному запиті допускається вказати тільки одну поштову скриньку
20005,Роль немає акаунту,"UUID акаунту є необхідним параметром у запиті. Будь ласка, введіть дійсний UUID акаунту для створення ролі"
20006,Роль {0} не знайдено,"Роль із зазначеним UUID у запиті не знайдено. Будь ласка, перевірте дані запиту"
20007,Роль з такою назвою вже існує,"Роль з такою назвою вже існує. Будь ласка, введіть нову назву або видаліть існуючу роль"
20008,Права доступу для ролі порожні,"У цьому запиті необхідні дані прав доступів для ролі . Будь ласка, перевірте дані запиту, звірте їх з документацією та надішліть повторно"
20009,Тип ролі не знайдено,"У запиті невірно вказано тип ролі. Підтримувані типи ролей: Account, Mailbox та System. Будь ласка, перевірте дані запиту, звірте їх з документацією і відправте повторно"
20010,Непідтримуваний набір дозволів,"У запиті невірно вказані дозволи. Будь ласка, перевірте дані запиту, звірте їх з документацією та надішліть повторно"
20011,"Батьківська категорія не повинна мати рівень доступу вище, ніж підлегла","Батьківська категорія не повинна мати рівень доступу вище, ніж підлегла"
20012,"Акаунт '{0}' не має інших власників",Акаунт з введеним UUID не має інших власників. Додайте принаймні ще одного власника акаунту і повторіть дію ще раз
20013,"Доменне ім'я акаунту не знайдено","Ім'я домену акаунту порожнє в тілі запиту на створення домену"
20014,Розмір доменного імені акаунту перевищив максимальний розмір,"Ім'я домену акаунту перевищує максимально допустимий розмір (256 символів) в тілі запиту на створення домену"
20015,"Не вдається вирішити домен '{0}'","Домен не може бути дозволений до IP. Можливо, він не існує"
20016,"Неможливо використовувати домен '{0}'",Домен вже верифікований і використовується іншим акаунтом або вже доданий до поточного акаунту
20017,"Домен '{0}' не знайдено",Домен не знайдено в базі даних по UUID домену
20018,Невідомий метод верифікації домену,При виконанні запиту на верифікацію домену в тілі запиту не вказано або вказано неіснуючий метод верифікації домену
20019,Домен вже верифікованний,Домен вже верифікованний і інформація про верифікацію не може бути змінена
20020,Активувати можна тільки НЕАКТИВНІ домени,Неможливо активувати неверифікованний або вже активованний домен
20021,Деактивувати можна тільки АКТИВНІ домени,Неможливо деактивувати неверифікованний або вже деактивованний домен
20022,Закінчився термін верифікації домену,"Термін дії верифікації домену закінчився. Будь ласка, використовуйте метод верифікації для поновлення верифікації"
20023,Інформація про верифікацію домен не знайдена,Інформація про верифікацію домену не знайдена при підтвердженні або перевірці домену
20024,"Домен '{0}' вже верифікований іншим обліковим записом","Домен пройшов верифікацію, але він вже був доданий і верифікований іншим акаунтом"
20025,Домен та обліковий запис не збігаються,"Ви намагаєтеся отримати доступ до домену, який не належить поточному акаунту"
20026,"Політика користувача для облікового запису повинна бути жорсткішою, ніж глобальна","Будь ласка, перевірте глобальні політики користувача /api/v1/settings"
20027,"Домен '{0}' має бути верифікований та активний",Домен не активний при створенні корпоративного користувача
20028,Конфлікт дозволів в запрошенні,"Користувач вже має доступ до об'єкту і його більше не можна запросити до цього об'єкту"
20029,Ролі або дозволи порожні в запрошенні,"У запиті відсутні ролі або дозволи. Будь ласка, перевірте свій запит, звірте з документацією та надішліть повторно"
20030,"Аккаунт '{0}' не має верифікованих доменів",Акаунт не має верифікованих доменів
20031,Помилка під час генерації XLSX,Помилка формування файлу XLSX
20032,Аркуш користувачів не знайдено,Файл excel для створення корпортанивних користувачів не має аркуша з користувачами
20033,Дублікат користувача {0},Дубльована адреса електронної пошти користувача у файлі імпорту корпоративних користувачів
20034,Неправильний UUID акаунту {0} в таблиці користувачів акаунту,Неправильний UUID акаунта знайдено в таблиці користувачів акаунта
20035,Клітинка A1 не знайдена в таблиці користувачів акаунту,Клітинку A1 не знайдено на аркуші користувачів акаунту
20036,Поштова скринька {0} не належить до акаунту або не існує,Поштова скринька не належить до акаунту або не існує
20037,Знайдено дубльований аркуш поштової скриньки {0},"Знайдено більше одного аркуша з однаковим UUID поштової скриньки, хоча має бути лише один"
20038,Клітинку A1 не знайдено на аркуші користувачів поштової скриньки,Клітинку A1 не знайдено на аркуші користувачів поштової скриньки
20039,Знайдено невизначеного користувача {0},"Знайдено електронну адресу користувача, яка не вказана на аркуші користувача"
20040,Помилка списку ролей для користувача {0},Вказана роль (ролі) не існує або належить іншому акаунту
20041,Помилка списку дозволів для користувача {0},Перелічені дозволи не існують
20042,Не вдається відкрити файл як електронну таблицю,Завантажений файл не є коректним XLSX або XLS файлом
20043,"Роль {0} не може бути видалена, оскільки вона назначена користувачам або запрошенням",Роль використовується і призначена користувачам або запрошенням
20044,"Кількість літер, цифр та символів не може бути більшою за максимальну довжину","Будь ласка, оновіть політику паролів з коректними значеннями"
20045,Користувач не належить до акаунту,Зазначений користувач(користувачі) належить до іншого акаунту
20046,"Постачальника ідентифікаційних даних SSO '{0}' не знайдено",Постачальник ідентифікаційних даних SSO відсутній в базі даних
20047,Метадані URL або XML повинні бути вказані окремо,"Будь ласка, введіть тільки URL або XML"
20048,Помилка завантаження/розбору метаданих,"Метадані неможливо завантажити або проаналізувати без помилки. Будь ласка, перевірте URL або XML"
20049,Постачальника ідентифікаційних даних та акаунт не збігаються,"Ви намагаєтеся отримати доступ до постачальника ідентифікаційних даних, який не належить поточному акаунту"
20050,Домен не існує або не активний,"Будь ласка, активуйте домен"
20051,"Постачальника ідентифікаційних даних SSO не знайдено для домену '{0}'","Для домену не знайдено постачальника ідентифікаційних даних SSO. Будь ласка, налаштуйте конфігурацію для постачальника ідентифікаційних даних"
20052,"Постачальник ідентифікаційних даних SSO '{0}' використовується для домену і не може бути видалений","Скасуйте налаштування постачальника ідентифікаційних даних. Постачальник ідентифікаційних даних SSO використовується для домену, і його неможливо видалити"
20053,"Постачальник ідентифікаційних даних SSO '{0}' має бути унікальним у системі","Будь ласка, перевірте метадані. Постачальник ідентифікаційних даних SSO має бути унікальним у системі"
20054,Назва вулиці має містити від 1 до 200 символів,Назва вулиці має містити від 1 до 200 символів
20055,Назва міста має містити від 1 до 200 символів,Назва міста має містити від 1 до 200 символів
20056,Назва регіону має містити від 1 до 200 символів,Назва регіону має містити від 1 до 200 символів
20057,Назва країни має містити від 1 до 100 символів,Назва країни має містити від 1 до 100 символів
20058,Поштовий індекс має містити від 1 до 10 символів,Поштовий індекс має містити від 1 до 10 символів
20059,Відформатована адреса має містити від 1 до 300 символів,Відформатована адреса має містити від 1 до 300 символів
20060,Платіжну адресу облікового запису не знайдено,"Платіжну адресу облікового запису не знайдено, будь ласка, створіть нову"
**ПОШТОВА СКРИНЬКА (МЕЙЛБОКС)**,,
30001,Поштова скринька {0} не знайдена,Введена поштова скринька не знайдена в системі
30002,Поштова скринька {0} видалена,"Поштова скринька була видалена. Будь ласка, використовуйте активну поштову скриньку"
30003,Назва поштової скриньки не може бути порожньою,Назва поштової скриньки не повинна бути порожньою. Вона повинна містити хоча б один символ
30004,Довжина назви поштової скриньки перевищує максимальний розмір,Довжина назви поштової скриньки не може перевищувати 256 символів
30005,Псевдонім поштової скриньки не може бути порожнім,Псевдонім поштової скриньки не повинен бути порожнім. Він повинен містити не менше 3 символів
30006,Перевищена максимальна довжина псевдоніма поштової скриньки,Довжина псевдоніма поштової скриньки не може перевищувати 256 символів
30007,Псевдонім не знайдено або приєднано до іншої поштової скриньки,"Псевдонім, який ви намагалися видалити, не знайдено або пов'язаний з іншою поштовою скринькою"
30008,Контакт {0} не знайдено,Контакт з введеним вами UUID не існує або не знайдено
30009,"Автоматичне делегування ввімкнено, але поштова скринька не вказана","Будь ласка, вкажіть поштову скриньку, до якої потрібно делегувати конверт"
30010,Папку {0} не знайдено,Папка з введеним вами ID не існує або не знайдена
30011,Невірне значення батьківського ID,Ідентифікатор батьківської папки не дійсний
30012,Псевдонім вже існує,Псевдонім з введенною назвою вже існує
30013,Порожній ідентифікатор папки,"Ідентифікатор папки в запиті порожній. Будь ласка, введіть необхідний параметр"
30014,Неможливо змінити рівень доступу папки на офіційну,Змінити рівень доступу папки на офіційний неможливо. Офіційні папки може створювати тільки системний користувач
30015,Папка вже існує,Папка з введеним ідентифікатором вже існує
30016,Поштова скринька {0} не належить до акаунту,"Поштова скринька не належить цьому акаунту. Перевірте свій запит і переконайтеся, що поштова скринька, яку ви хочете запросити, належить до поточного акаунту"
30017,Поштова скринька {0} не має інших власників,Поштова скринька немає іншого власника і не може бути залишена
30018,Поштова скринька відправника не знайдена,"UUID поштової скриньки відправника не знайдена, перевірте коректність запиту"
30019,UUID поштової скриньки порожній,UUID поштової скриньки не може бути порожнім
30020,UUID поштової скриньки невірний або порожній,"UUID поштової скриньки невірний або порожній. Будь ласка, надішліть коректний запит з коректним UUID поштової скриньки"
30021,Адреса електронної пошти не може бути псевдонімом,"Будь ласка, не використовуйте електронну пошту як псевдонім, щоб уникнути непорозумінь"
30022,"Кваліфікований псевдонім '{0}' вже використовується.","Кваліфікований псевдонім вже використовується, необхідно звернутись в підтримку"
30023,"Помилка квалифікованого ідентифікатору '{0}'",допустимі символи [0-9a-zA-Z.]
30024,"Псевдонім '{0}' перераховано більше ніж 1 раз",А можна тільки 1
30025,UUID поштової скриньки делегата недійсний,"Будь ласка, виберіть іншу поштову скриньку"
**ШАБЛОН**,,
40001,Документ {0} не знайдено,"Документ з введеним ідентифікатором не знайдено. Будь ласка, перевірте правильність введеного ідентифікатора"
40002,Шаблон {0} заархівовано,Шаблон з введеним UUID заархівовано. Використовувати заархівовані шаблони не можна
40003,Шаблон {0} не знайдено,"Шаблон з введеним UUID не знайдено. Будь ласка, перевірте правильність введеного UUID"
40004,Дані шаблону {0} не знайдено,"Дані шаблону не знайдено в сховищі. Будь ласка, перевірте Ваш запит, звірте з документацією та надішліть повторно"
40005,Дані шаблону {0} не знайдено,"Дані шаблону не знайдено в сховищі. Будь ласка, перевірте свій запит, порівняйте з документацією та надішліть ще раз"
40006,"Шаблон повинен мати рівень доступу, що дорівнює або перевищує рівень доступу папки",Рівень доступу до шаблону має бути рівним або вищим за рівень доступу папки
40007,Зображення {0} не знайдено,"Зображення не знайдено, будь ласка, завантажте зображення перед оновленням шаблону"
40009,"Шаблон повинний мати інші ролі, крім відправника","Шаблон повинен мати хоча б одну іншу роль, крім відправника"
40010,Повинен бути тільки 1 відправник,Шаблон має містити лише одну роль із типом Відправник
40011,Першою роллю в шаблоні повинен бути Відправник,Першою роллю у порядкі обробці конверту має боти роль Відправник
40012,Повинно бути мінімум 2 ролі,"Шаблон повинен мати щонайменше дві ролі, одна з яких є обов'язковою для відправника, а інша - для одержувача або підписанта"
40013,"Роль '{0}' не має призначених полів","Роль в шаблоні не має призначених полів. Будь ласка, додайте поля призначені для цієї ролі або зробіть цю роль копією"
40014,Повідомлення повинно бути раніше закінчення терміну дії,"Якщо термін дії конверта закінчується через 3 дні, ми не можемо повідомити на 5-й день. Установіть expire.notifyIn < expire.after"
40015,Ролі підписантів без підписів: {0},Роль підписувача не має пов’язаного з ним поля підпису в шаблоні. Додайте одну або видаліть роль підписувача
40016,Наступні поля призначені для неіснуючих ролей: {0},"Поля призначені неіснуючим ролям. Будь ласка, перепризначте поля існуючим ролям або видаліть їх"
40017,Наступні ролі не мають призначених полів: {0},"Роль з певним ID не має призначених полів у документах. Будь ласка, додайте поля, видаліть ролі або встановіть роль як копію"
40018,"Помилка перевірки шаблону, в документі '{0}' лукап поле '{1}'. Пов'язане поле '{2}' не знайдено в полях документа","Поле лукап не має пов'язаного з ним поля довідника в документі. Будь ласка, додайте поле довідника до документа або видаліть поле лукап"
40019,"Помилка перевірки шаблону, в документі '{0}' лукап поле '{1}'. Пов'язане поле не може бути використано як джерело пошуку",Поле лукап не має відповідного джерела в довіднику. Перевірте доступність довідника/значення довідника або видаліть поле пошуку
40020,Дубльовані ідентифікатори документів: {0},Ідентифікатори документів дублюються в шаблоні. Ідентифікатори документів повинні бути унікальними всередині шаблону
40021,Повторювані назви документів: {0},Назви документів дублюються в шаблоні. Назви документів повинні бути унікальними всередині шаблону
40022,"Поле '{0}' має неправильне мінімальне або максимальне значення",Введені значення мінімального значення більше максимального. Неможливо задати такі параметри для поля.
40023,"Поле '{0}' має значення точності більше допустимого {1}","Введене значення точності для поля більше, ніж дозволено для даного типу поля"
40025,Шаблон {0} видалено,Шаблон був видалений і не може бути використаний для створення конвертів
40026,Порожні дані шаблону,"Параметр даних шаблону порожній. Будь ласка, використовуйте дійсну структуру запиту"
40027,Рівень доступу має бути загальнодоступним чи офіційним,Приватним шаблоном не можна поділитись
40028,Шаблон {0} недоступний за кодом загального доступу,"Переконайтеся, що код загального доступу є правильним"
40029,"Принаймні одне обов'язкове поле повинно бути в таблиці '{0}'","Принаймні одне поле таблиці має бути обов’язковим, а також це поле має бути призначено власнику таблиці"
40030,Заголовок динамічної таблиці не знайдено. Назва таблиці: {0},Структура таблиці не є правильною. Таблиця повинна містити заголовок
40031,Рядок заголовку динамічної таблиці не знайдено. Назва таблиці: {0},Структура таблиці неправильна. Таблиця повинна містити лише один головний рядок
40032,Стовпці в рядку заголовку динамічної таблиці не знайдено. Назва таблиці: {0},Структура таблиці не є правильною. У структурі таблиці повинні бути стовпці
40033,Динамічна таблиця всередині іншої динамічної таблиці заборонена. Назва батьківської таблиці: {0},Неможливо мати динамічну таблицю всередині іншої динамічної таблиці
40034,Тіло динамічної таблиці не знайдено. Назва таблиці: {0},Структура таблиці не є правильною. Таблиця повинна містити тіло
40035,Заборонений атрибут стилю: {0},Атрибут таблиці заборонений. Допустимі атрибути для таблиці: margin
40036,"Поле '{0}' присвоєно не тій ролі","Поле, призначене для ролі, яка не може заповнювати дані. Обмежені ролі — Підписант і Копія"
40037,"Помилка перевірки шаблону в документі поле '{0}' має неправильне ім'я: '{1}'","Поля в шаблоні не повинні містити пробілів або спеціальних символів. Будь ласка, використовуйте такі імена, як name, name1, name_1"
40038,Рядків не знайдено,Таблиця повинна містити як мінімум 1 рядок
40039,"Підпис призначено ролі, що не є роллю Підписант {0}","Поле підпису призначено ролі, яка не є роллю Підписант, будь ласка, перепризначте поле або видаліть поле підпису"
40040,"Дублюється ім'я підписувача в документі {0}",Назви полів підпису дублюються. Документ повинен мати унікальні назви полів
40041,"Відсутній розділ інформації про документ, ідентифікатор документа: {0}","Структура даних шаблону невірна. Будь ласка, додайте інформаційні розділи до структури документа"
40042,Занадто багато підписів на одну роль {0},Роль підписувача може мати одне поле для підпису на один документ
40043,Немає постачальника цифрового підпису,Натомість використовуйте підпис eInk
40044,"Неочікуваний тип поля '{0}'","Введенний тип поля, не підтримується. Підтримувані типи полів: text, number, money, datetime, select-dictionary, yesno, attachment"
40045,Неочікуваний вміст тіла документа: {0},"Для зовнішнього документа допускається тільки один тип поля ""attachment"""
40046,Назву динамічної таблиці не знайдено,Не вказана назва динамічної таблиці
40047,Ідентифікатор ролі власника динамічної таблиці не знайдено,Поле таблиці не має призначеної ролі
40048,Шаблон не має підписів,"Документи в шаблоні не мають поля підписів, але мають роль підписувача. Додайте поля для підписів або видаліть роль підписувача та повторіть спробу"
40049,Підпис за ідентифікатором ролі не знайдено,Поле підпису не має ролі з відповідним UUID. Додайте роль підписувача або видаліть поле підпису та повторіть спробу
40050,Не вдається змінити рівень доступу шаблону до офіційного,Не вдалося змінити рівень доступу до шаблону на офіційний. Змінити рівень доступу до офіційного може тільки системний користувач
40051,Шаблон {0} не відповідає версії {1},"UUID шаблону і версія шаблону не збігаються. Будь ласка, перевірте правильність версії шаблону та вмісту шаблону"
40052,Роль {0} не знайдено в шаблоні,Шаблон не має ролі з цим UUID
40053,"У полі підпису '{0}' в шаблоні повинні бути заповнені обидва поля ІПН","Будь ласка, заповніть як itnDocumentId, так і itnFieldName або жодного з них"
40054,"Поле ІПН '{0}' не знайдено для підпису '{1}'","Переконайтеся, що документ має правильне поле ІПН, призначене для підпису"
40055,"Поле ІПН '{0}' має неправильний тип або місце в документі","Перевірте, що поле ІПН є одним з (text, lookup, select-dictionary), не є необов'язковим, відсутнє в таблиці"
40056,Немає доступу до шаблону {0},Шаблон не має ролі з UUID
40057,Батьківський елемент поля дублікат {0} не знайдено,Дублікат поля не має батьківського поля в шаблоні
40058,"Властивість ""relatedTo"" не може бути порожньою для поля Дублікат",Заповніть властивість належним значенням
40059,Непідтримуваний тип {0} батьківського поля для дублікату {1},Цей тип не допускається для дублікатів батьківських полів
40060,Відсутній порядок ролі,"Для ролі не заданий порядок, тоді як порядок встановлений вручну"
40061,Всі ролі в однаковому порядку,Всі ролі в однаковому порядку в процесі обробки конверту в шаблоні
40062,Роль {0} повинна йти після {1},Налаштовано неправильний порядок ролей в процесі обробки конверту в шаблону
40065,Назва поля дублюється: {0},Дублюється назва поля
40066,Папка або одна з вкладений папок не порожня,У папці або одній з її вкладених папок є активний шаблон
40067,Неможливо перемістити до цієї папки,"Неможливо перемістити папки в папки, яку ви збираєтеся видалити"
40068,"Необхідно встановити всі ролі, крім ролі відправника","Щоб поділитися шаблоном, усі ролі мають бути визначені заздалегідь"
40069,Шаблон має ролі з однаковим ID: {0},"Синтаксична помилка шаблону. Будь ласка, перевірте ідентифікатори ролей та зробіть їх унікальними"
40070,Неможливо поділитися шаблоном з самим собою,Поштова скринька творця не повинна бути в списку з якими поділились шаблоном
40071,Спільному шаблону можна призначити лише спільні папки,Спільному шаблону можна призначити лише спільні папки
40072,"Поле '{0}' недоступне для пошуку","Підтримувані типи полів, за якими можна здійснювати пошук: text, number, money, datetime, select-dictionary, duplicate, lookup"
40073,"Поле '{0}' з формули '{1}' не знайдено","Будь ласка, перевірте всі поля у формулі"
40074,"Неправильна формула з ім'ям '{0}'. Перевірте підтримувані операції","Будь ласка, перевірте формулу"
40075,Рекурсивний виклик у формулах,"Будь ласка, перевірте формули"
40076,Штамп не підтримується,"Будь ласка, не використовуйте штампи"
40077,Помилка порядку обробки - недосяжний документ {0} для ролі {1},"Знайдено дедлок, необхідно виправити флоу"
40078,"Стовпець з атрибутом 'initiallyHidden' повинен мати необов'язкове поле","Видаліть атрибут 'initiallyHidden' або додайте необов’язкове поле"
40079,Забагато полів у таблиці {0}. Дозволено лише {1},"Будь ласка, зменшіть кількість полів у рядку"
40080,Забагато стовпців у таблиці {0}. Дозволено лише {1},"Будь ласка, зменшіть кількість стовпців у таблиці"
40081,Кількість колонок голови не відповідає кількості клітин тіла,Структура таблиці неправильна. Таблиця повинна містити однакову кількість стовпців у голові та тілі.
40082,Усі поля «autonumber» мають бути призначені ролі відправника,Установіть роль відправника для всіх полів «autonumber»
40083,"Поле '{0}' не повинно бути в таблиці",Перемістіть поле з таблиці
40084,Тема шаблону містить неправильне визначення поля: {0},"Поле не може бути в таблиці або типів: einksign, checkbox"
40085,Pdf UUID потрібно вказати для документа {0} з типом = pdf,Додайте атрибут info -> pdf -> uuid до XML
40086,"Поле або таблиця з іменем '{0}' не має бути в документі '{1}'",Таблиці та вкладення не підтримуються для шаблонів PDF
40087,"Атрибути 'x', 'y' і 'page' повинні бути вказані для поля '{0}'","Будь ласка, вкажіть координати в мм і номер сторінки"
40088,Номер сторінки {0} не існує для документа {1},Невірний номер сторінки PDF
40089,Координата {0} = {1} більша за {2} для документа {3},Неправильні координати X або Y для поля PDF
**КОНВЕРТ**,,
50001,"Поле '{0}' конверту порожнє","Обов'язкове поле на конверті порожнє. Щоб вирішити цю проблему, заповніть поле дійсним вмістом"
50002,"Значення '{0}' повинно бути більше, ніж {1}",Введене значення в поле менше мінімального значення. Введіть дійсне значення
50003,"Значення '{0}' повинно бути менше, ніж {1}",Введене значення в полі перевищує максимальне значення. Введіть дійсне значення
50004,"Очікуване значення з точністю = {0} для поля '{1}'","Точність введеного значення має бути вищою за мінімальну. Будь ласка, зверніть увагу на налаштування поля"
50005,Порожній список підписів,"Список підписів на конверті порожній. Будь ласка, додайте блок підписів перед відправкою запиту"
50006,"Неочікуване значення '{0}' для поля '{1}'. Дозволено: {2},{3}","Введене значення не відповідає жодному з допустимих значень. Будь ласка, зверніться до властивостей поля для уточнення допустимих значень"
50007,Не для всіх ролей коректно встановлено UUID поштової скриньки,"Ця помилка виникає, якщо якась роль не має валідного UUID поштової скриньки на конверті"
50008,Не для всіх ролей встановлено правильний ідентифікатор,"Ця помилка виникає, якщо якась роль не має коректного ідентифікатора ролі на конверті"
50009,Тема конверта не відповідає дійсності: {0},Тема конверта порожня або недійсна. Тема конверта не повинна містити заборонених символів
50010,"У шаблоні для ролі '{0}' є попередньо визначена поштова скринька, яку неможливо змінити",UUID поштової скриньки попередньо визначено для певної ролі в шаблоні та не може бути змінено
50011,Конверт {0} не знайдено,"Конверт з введеним UUID не знайдено. Будь ласка, перевірте правильність введених даних"
50012,Версія або UUID шаблону не заповнені в конверті,Для цього запиту необхідний UUID шаблону або UUID версії шаблону
50013,Згенерований конверт має інший UUID шаблону,Сформований конверт має інший UUID шаблона в даних конверту або в параметрі запиту
50014,Згенерований конверт має інший UUID версії шаблону,Сформований конверт має інший UUID версії шаблону в даних конверту або в параметрі запиту
50015,"Невірне значення '{0}' поля '{1}', очікується '{2}'","Введене значення не відповідає формату дати. Будь ласка, введіть значення у форматі дати YYYY-MM-DD"
50017,Документ в конверті з ідентифікатором {0} не знайдено в структурі XML,Документ не знайдено в XML структурі конверту
50018,Відправник конверта не знайдений,Відправник не знайдений в XML структурі конверта
50019,Скомпільований документ {0} не знайдено в сховищі файлів,"Документ, який було сформовано, не знайдено у файловому сховищі. Спробуйте згенерувати документ повторно"
50020,Ярлик {0} не знайдено,Ярлик з певним UUID не знайдений
50021,Поле вкладення конверта не знайдено в документі {0},"У документі не знайдено зовнішнє вкладення документа. Будь ласка, перевірте завантажений документ і надішліть його ще раз"
50022,Дубльована назва поля: {0},"Назви полів дублюються. Будь ласка, змініть назву поля, оскільки дублювання назв заборонено"
50023,Таблиця повинна мати принаймні один рядок,Таблиця повинна мати принаймні в одному рядку
50024,Підпис {0} у документі {1} зроблено не з використанням ключа печатки,"Неможливо нанести печатку на документ без використання ключа печатки. Щоб встановити печатку, будь ласка, використовуйте ключ із печаткою"
50025,Наразі це не активна роль підписувача в конверті,Не час щось підписувати
50026,Сукупний розмір вкладених файлів конверта перевищує обмеження,"Сукупний розмір вкладень, завантажених у конверт файлів, перевищує допустимий розмір"
50027,Дубльовані ID вкладених файлів: {0},Ідентифікатори вкладень дублюються в документі. Ідентифікатори вкладень повинні бути унікальними
50028,Джерело пошуку не знайдено,"Джерело поля лукап не знайдено. Перевірте, будь ласка, що довідник або значення в довіднику все ще доступні"
50029,Значення в полі лукап не відповідає значенню з довідника,"Значення поля лукап в запиті не збігається зі значенням у довіднику. Будь ласка, перевірте свій запит, порівняйте зі довідником і надішліть ще раз"
50030,"Невірне значення '{0}' для числового значення поля '{1}'",У числовому полі введено невірний формат значення. Числове поле приймає тільки числові значення
50031,Підписувати документ з ідентифікатором {0} не потрібно,Відсутній підпис для певної поштової скриньки або не настала черга цієї поштової скриньки для підписання
50032,"Виникла помилка перевірки підпису з типом '{0}' та повідомленням: {1}","Будь ласка, перевірте дані підписів у запиті"
50033,Немає даних XML для конверта,"Будь ласка, перевірте XML дані конверта в запиті"
50034,"Невідповідність типу файлу вкладення '{0}'","Тип прикріпленого файлу не відповідає дозволеним типам файлів. Дозволені типи файлів: pdf, doc, docx, xls, xlsx, xlsm, xml, dbf, txt, rtf, png, jpg, jpeg, zip. Дозволені типи файлів можуть бути згорнуті відповідно до налаштувань полів у шаблоні."
50035,Поштова скринька більше не має доступу до конверту,Доступ до конверту відкликано
50036,Неможливо заархівувати/видалити конверт в не фінальному статусі: {0},"Неможливо архівувати/видаляти конверт, якщо він не має фінального статусу, наприклад, ЗАВЕРШЕНО, СКАСОВАНО або ЗАКІНЧЕНО"
50037,"Погане base64 значення поля '{0}'","Двійковий файл є недійсним, будь ласка, перевірте, чи намагаєтесь ви надіслати файл у форматі BASE64"
50038,"Очікуваний тип зображення '{0}' для поля '{1}'",Формат типу зображення неправильний. Зверніть увагу на формат файлу в коді помилки та використовуйте відповідний формат файлу в цьому полі.
50039,Максимальний очікуваний розмір зображення: {0} x {1},"Розмір зображення не відповідає максимальним обмеженням ширини та висоти. Будь ласка, використовуйте зображення розміром меншим за максимальні значення."
50040,Простий електронний підпис не створено,"Зображення SES невірне. Будь ласка, переконайтеся, що зображення має принаймні 15 пікселів зафарбованої області"
50041,Файл {0} не знайдено,"Вкладення з введеним UUID не знайдено. Будь ласка, перевірте правильність введеного значення"
50042,Файл {0} не знайдено для конверта {1},"Файл з введеним UUID не знайдено у введеному конверті. Будь ласка, перевірте правильність введених значень"
50043,У запиті відсутній UUID конверту,"Будь ласка, перевірте UUID конверту в запиті"
50044,Такий ярлик вже існує,"Ярлик з відповідною назвою вже існує. Будь ласка, використовуйте існуючий або створіть новий з іншою назвою"
50045,Знайдено роль без визначення UUID поштової скриньки,Одна з ролей не має UUID поштової скриньки в даних конверта
50046,"Не знайдено даних для підпису '{0}' у документі '{1}'","Поле для підпису не містить даних для підпису, будь ласка, перевірте правильність заповнення необхідного поля для підпису"
50047,Підписанти не збігаються для підпису {0},"PDF та текстові файли підписані різними підписантами, будь ласка, підпишіть документ одним підписантом та надішліть запит повторно"
50048,Дані підпису не знайдено для джерела {0} у документі {1},Підпис у переліку підписів відсутній
50049,Немає активної ролі для поштової скриньки {0},"UUID поштової скриньки, з якої ви намагаєтесь відправити запит, не має активної ролі в даному конверті. Будь ласка, дочекайтеся своєї черги"
50050,Конверт має неправильний статус,Статус конверта не відповідає даній дії і не може бути оброблений
50051,Вкладення вже використовується,Вкладення з введеним UUID вже використовувалося в цьому конверті
50052,Сертифікат не є кваліфікованим для підпису {0} в документі {1},Необхідний кваліфікований сертифікат для підпису даних
50053,Запрошення в конверт {0} не знайдено,"Запрошення в конверт не знайдено, дані не відповідають дійсності"
50054,Список прийнятих конвертів порожній,Список UUID конвертів для прийняття запрошень порожній
50055,Запрошення в конверти {0} не знайдено,Деякі з конвертів у запиті не містять запрошень для цього користувача
50056,"Не вдається підтвердити запрошення, конверт {0} знаходиться у завершеній стадії",Конверт для запрошення знаходиться у завершеній стадії
50057,Не знайдено ролі для запрошення в конверті {0},Конверт не має ролі з електронною поштою
50058,Роль недоступна для обробки {0},Конверт не має ролі з електронною поштою
50059,Значення ІПН не знайдено для підпису {0},Під час підписання не виявлено збігу значень ІПН
50060,Очікуваний IПН не збігається з номером в підписі {0} в документі {1},"Документ підписано невірним підписом, будь ласка, перевірте ІПН"
50061,Сценарій конверта немає доступних кроків,Сценарій конверта немає доступних кроків
50062,Неможливо продовжити сценарій з незавершеним конвертом,Неможливо продовжити сценарій з незавершеним конвертом
50063,Конверт не містить інформації про сценарій,Конверт не містить інформації про сценарій
50064,Батьківське поле для поля дублікат {0} не знайдено,Поле дублікат не має батьківського поля в конверті
50065,Шаблон {0} не відповідає шаблону конверта {1},"Переконайтеся, що шаблони збігаються"
50066,"Для поля '{0}' повинен бути заповнений UUID запису","Будь ласка, заповніть атрибут 'recordUuid' відповідним значенням"
50067,"UUID вкладення має бути заповнено для поля '{0}'","Заповніть атрибут 'attachmentUuid' належним значенням"
50068,Необхідно вказати UUID ярлика або його назву,"Будь ласка, заповніть параметр запиту 'label' або 'labelUuid'"
50069,"Недостатньо UUID, потрібно принаймні {0}",У запиті недостатньо UUID для об’єднання/додавання в ланцюжка
50070,Доступ до ланцюжка відсутній,Поштова скринька не має доступу до будь-якого конверта в цьому ланцюжку
50071,Конверт {0} належить іншому ланцюжку,Конверт належить до іншого ланцюжка
50072,Конверт доданий в ланцюжок іншим користувачем,Поточний користувач не має права видаляти конверт з ланцюжка
50073,Конверти належать до різних ланцюжків,Конверти належать до різних ланцюжків
50074,Конверт належить до автоматично створеного ланцюжка,Конверт належить до автоматично створеного ланцюжка
50075,Погоджувачі не можуть брати участь в опрацюванні конвертів,Один або декілька погоджувачів вже знаходяться в основному потоці обробки конверту
50076,Погодження конверту не може відбутися,"Користувач не може погодити конверт, можливо, це вже зроблено"
50077,Для відхилення погодження необхідна причина відмови,"Будь ласка, додайте коментар для відхилення погодження"
50078,Неправильний статус погодження,"Будь ласка, надішліть належний статус, надішліть APPROVED або REJECTED"
50079,Ролі не відповідають ролям шаблону,"Будь ласка, перевірте корректність процесу обробки конверту в XML конверту"
50080,Погодження {0} не знайдено,Для цього конверта не знайдено погодження з введеним UUID
50081,Неможливо керувати чи почати/скасувати погодження,Поточна поштова скринька не може керувати або почати/скасувати погодження
50082,Погодження не може бути скасовано,"Процес погодження вже завершено, і його не можна скасувати"
50083,Поштова скринька має бути унікальною в процесі погодження,"Будь ласка, оновіть процес обробки погодження"
50084,UUIDи погоджувачів повинні бути вказані окремо,"Будь ласка, надішліть flowUuid або погоджувачів"
50085,Погодження {0} видалено,Погодження з введеним UUID видалене і не може бути використане
50086,Погоджувач {0} вже перебуває в іншому процесі погодження для цього конверту,Погоджувачі не можуть брати участь у декількох процесах погодження в одному конверті
50087,Значення в полі дублікат не співдає,"Значення поля дублікат в запиті не збігається зі значенням пов'язаного поля"
50088,"Очікується, що роль {0} буде електронною поштою",Неправильний учасник потоку конвертів
50089,Конверт не може бути делегований,Делегування в конверті заборонено
50090,Делегат не може відкликати делегацію,Скасувати її може лише ініціатор делегування
50091,Процес делегування не знайдено або роль ініціатора вже виконано,"Будь ласка, перевірте делеговану роль"
50092,Делегування або конверт вже завершений,Подальші дії заборонені
50093,Поле одержувача має бути UUID або email,"Будь ласка, перевірте формат поля ""Одержувач"
50094,Пошук за параметрами поля має неправильний формат,Пошук за параметрами поля має неправильний формат
50095,Лише відправник може надсилати сповіщення,Цей користувач не може надсилати сповіщення електронною поштою. Лише відправник може повідомити ще невиконані ролі
50096,Немає конвертів для сповіщення,Сповіщення вже надісланя для конвертів
50097,Документ не має версії для друку,"Тільки PDF, DOC, DOCX можуть мати версію для друку"
50098,Лише заповнені конверти можна надсилати електронною поштою,"Будь ласка, надсилайте лише заповнені UUID конверта"
50099,Для спільного використання дозволено лише {0} конвертів,"Будь ласка, зменшіть кількість конвертів"
50100,Деякі стовпці не можна видалити або приховати,Деякі стовпці мають бути видимими
50101,"Файл '{0}' не можна редагувати, оскільки він уже має цифрові підписи","Будь ласка, виберіть інший файл"
50102,"Файл '{0}' зашифровано","Будь ласка, виберіть інший файл"
50103,"Немає стовпця '{0}' для сортування",Неправильне поле сортування
50104,Надсилання файлів конверта електронною поштою заборонено,Загальний доступ до файлів конверта вимкнено
50105,Колбек {0} не знайдено,Не знайдено колбек по ідентифікатору
50106,Забагато рядків у таблиці {0}. Дозволено лише {1},"Будь ласка, зменшіть кількість рядків у таблиці"
50108,"Невірне значення '{0}' для поля '{1}'",У чекбокс полі введено невірний формат значення. Чекбокс поле приймає тільки 1 або 0
50109,"Поле '{0}' має бути вибраним","Оскільки в шаблоні поле обов'язкове"
50110,"Знайдено дублікат документу: '{0}'",Використовувати дубльовані документи заборонено
**ДОВІДНИК**,,
60001,Довідник {0} не знайдено,"Довідник з введеним UUID не знайдено. Будь ласка, перевірте правильність введених даних"
60002,Довжина назви довідника перевищила максимально допустиму,Довжина назви довідника перевищує максимально допустиму. Ліміт 128 символів
60003,Довжина опису довідника перевищила ліміт,Довжина опису довідника перевищує максимально допустиму. Ліміт 256 символів
60004,Назва довідника не може бути порожньою,"Назва довідника є обов'язковою і не може бути порожньою. Будь ласка, задайте назву довіднику"
60005,Колонка довідника не знайдена,Колонка довідника з введеним UUID не знайдено в цьому довіднику
60006,UUID колонки порожній,"UUID колонки є обов'язковим параметром для цього запиту. Будь ласка, введіть UUID колонки для створення коректного запиту"
60007,Значення колонки довідника не знайдено,"Значення колонки довідника з UUID в запиті не знайдено в базі даних. Будь ласка, перевірте коректність вашого запиту"
60008,Запис довідника {0} не знайдено,Запис довідника з введеним UUID в цьому довіднику не знайдено
60009,Довідник {0} заархівовано,Довідник із введеними UUID заархівовано
60010,Значення в колоноках не співпадає,"Значення в колоноці довідника та в даних запиту, який ви надсилаєте, не збігаються. Будь ласка, перевірте значення в довіднику"
60011,Порожнє довільне значення заборонене,Довільне значення не може бути порожнім для поля довідника. Виберіть і надішліть значення з довідника або надішліть власне значення
60012,UUID колонки не встановлено,Поле довідник у шаблоні не має UUID стовпця довідника. Оновіть шаблон і уточніть UUID стовпця для поля довідника або видаліть поле довідника
60013,UUID довідника не встановлено,Поле довідника в шаблоні не має UUID довідника. Оновіть шаблон і уточніть UUID довідника для поля довідника або видаліть поле
60014,Довідник заблокований для обробки,Довідник заблоковано для оновлення. Наразі його неможливо оновити. Оновлення довідника може зайняти деякий час
60015,"Очікувалося {0} значень у кожному рядку, але отримано {1}","У документі, який ви намагалися завантажити, кількість стовпців і рядків відрізняється, перевірте файл на дійсність."
60016,Запис довідника повинен містити значення колонки,"Запис довідника не містить значення колонки в запиті. Будь ласка, перевірте свій запит, порівняйте з документацією та надішліть ще раз"
60017,Не вдається змінити доступ до довідника на офіційний,Рівень доступу довідника не можна змінити на офіційний. Тільки системний користувач може змінити рівень доступу на офіційний
60018,Даний формат файлу не підтримується,"Введений формат файлу не підтримується. Підтримувані формати файлів: CSV, XLS"
60019,Довідник заблоковано,Довідник заблоковано на оновлення. Оновлення може зайняти деякий час. Під час оновлення довідник не може бути змінений
60020,Назва стовпця не може бути порожньою,"Назва стовпця є обов'язковою і не може бути порожньою. Будь ласка, задайте назву стовпця"
60021,Довжина назви стовпця перевищила обмеження,Довжина імені стовпця перевищує максимально допустиму. Ліміт 64 символи
60022,Порядок стовпців повинен бути >= 0,"Порядок стовпця не може бути меншим або дорівнювати 0. Будь ласка, введіть додатне значення порядку"
60023,Перевищено обмеження довжини значення стовпця,Довжина значення запису перевищує максимально допустиму. Ліміт 256 символів
60024,Порожній UUID довідника,"Обов'язковий параметр UUID довідника порожній. Будь ласка, введіть дійсний UUID довідника"
60025,"Запис довідника не знайдено за значенням '{0}' у стовпці {1}",Запису з таким значенням у довіднику немає
60026,Не вдається видалити останній стовпець,Довідник повинен мати принаймні одну колонку. Останній стовпець не можна видалити з довідника
60027,Немає доступу до довідника,Немає доступу до довідника
60028,Робота фільтра невідома,Робота фільтра невідома
60029,Значення фільтра дорівнює null,Робота фільтра невідома
60030,Завдання експорту довідника не збігаються,Завдання експорту довідника не збігаються
60031,Ширина стовпця довідника має бути більше або дорівнювати 140,Ширина стовпця довідника має бути більше або дорівнювати 140
**ІНТЕГРАЦІЯ**,,
80001,Правило інтеграції {0} видалене,Видалено правило інтеграції з введеним UUID
80002,Правило інтеграції {0} не знайдено,Правило інтеграції з введеним UUID не знайдено або не існує
80003,Інтеграцію не знайдено для поштової скриньки {0},Конфігурація інтеграції не знайдена для введеного UUID поштової скриньки
80004,"Правило генерації ім'я генерує порожнє ім'я файлу","Не вдається згенерувати ім'я файлу"
80005,UUID шаблону не відповідає UUID версії шаблону,"UUID шаблону не відповідає UUID версії шаблону. Будь ласка, порівняйте UUID шаблону та версії"
80006,Протокол {0} не підтримується,"Введений протокол ще не підтримується. Підтримувані протоколи: FTPS, FTPS, AS2, SOAP"
80007,"Вміст правила співставлення обов'язковий","У цьому запиті обов'язковим є вміст правила співставлення"
80008,Потрібен UUID шаблону,"У цьому запиті обов'язковий UUID шаблону"
80009,"UUID версії шаблону обов'язковий","У цьому запиті обов'язкова UUID версії шаблону"
80010,Потрібне правило конвертації,У цьому запиті обов’язкове правило конвертації
80011,Потрібне правило генерації назви файлу,У цьому запиті обов’язкове правило генерації назви файлу
80012,"Джерело обов'язкове",У цьому запиті необхідно вказати джерело
**ДОЗВОЛИ**,,
90002,Ви не маєте достатніх прав до акаунту {0},"У користувача недостатньо прав для виконання цієї дії. Будь ласка, попросіть свого системного адміністратора надати дозвіл"
90003,У вас недостатньо прав у поштовій скриньці {0},Користувач не має достатніх прав для виконання цієї дії. Зверніться до системного адміністратора з проханням надати права
90004,Гостьовий користувач не має доступу до жодної поштової скриньки,"Користувач не має доступу до жодної поштової скриньки. Будь ласка, додайте доступ до будь-якої поштової скриньки або авторизуйтесь користувачем, який має доступ"
90005,Неможливо зробити з системним акаунтом,Користувач не має достатніх прав для модифікації системних даних
90006,Не можу працювати з системною поштовою скринькою,Користувач не має достатніх привілеїв для модифікації системних даних
90007,Поштова скринька не має доступу до ярлика,Поштова скринька не має доступу до ярлика
90008,Немає доступу до довідника {0},Довідник недоступний для вас. Попросіть власника довідника оновити рівень доступу
90009,Немає доступу до шаблону {0},Шаблон для вас недоступний. Попросіть власника шаблону оновити рівень доступу
90010,Немає доступу до батьківської папки,Батьківська папки для вас недоступна. Попросіть власника папки оновити рівень доступу
90011,Немає доступу до папки,Папка недоступна для вас. Попросіть власника папки оновити рівень доступу
90012,Немає доступу до сповіщень,Сповіщення недоступне для вас
90013,Немає доступу до поштової скриньки {0},Користувач не має доступу до цієї поштової скриньки. Попросіть вашого системного адміністратора надати дозволи
90014,Немає доступу до поштової скриньки {0}. Відсутні дозволи: {1},Користувач не має доступу до певних функцій цієї поштової скриньки. Попросіть свого системного адміністратора надати дозволи. Пропущені дозволи можна знайти в повідомленні про помилку
90015,Немає доступу до конверту {0},"Користувач не має доступу до цього конверта. Конверти можуть переглядати тільки користувачі, які включені в процес обробки"
90017,Роль в конверті не може змінювати дані,"Роль в конверті не може змінювати дані в конверті. Якщо ви хочете змінити дані в конверті, встановіть відповідну роль на шаблоні"
90018,Немає доступу до акаунту {0},Користувач не має доступу до цього акаунту. Попросіть вашого системного адміністратора надати права
90019,Заголовок поштової скриньки не відповідає UUID поштової скриньки,"Будь ласка, перевірте приналежність організації до поточної поштової скриньки"
90022,Немає доступу до задачи імпорту,Користувач не має доступу до задачи імпорту
90026,Немає доступу до вкладення,Вкладення для вас недоступне
90030,Не можна відкликати останнього власника,Ви не можете відкликати останнього власника організації
90031,Не є власником сценарію,Користувач не є власником сценарію
90032,Немає доступу до сценарію,Немає доступу для читання сценарію
90033,Змінювати коментар може тільки автор,Немає доступу для запису до коментаря
90034,Немає доступу до колбека {0},У поточного меілбокса немає доступа до колбека
90035,Не є власником токену,Користувач не є власником токену
**СЦЕНАРІЇ**,,
100001,Назва сценарію не може бути порожньою,Назва сценарію не може бути порожньою або NULL
100002,Опис сценарію не може бути порожнім,Опис сценарію не може бути порожнім або NULL
100003,Рівень доступу сценарію не може бути порожнім,"Рівень доступу до сценарію не може бути порожнім або NULL. Доступ може бути чотирьох типів: mailbox, account, pub та official"
100004,ID не може бути порожнім,Ідентифікатор кроку сценарію не може бути порожнім або NULL
100005,Назва кроку сценарію не може бути порожньою,Назва кроку сценарію не може бути порожньою або NULL
100006,XSLT карта конвертації кроку сценарію не може бути порожньою,XSLT карта конвертації кроку сценарію не може бути порожньою або NULL
100007,"Кроки обов'язкові",Сценарій повинен мати щонайменше 1 крок
100008,Крок сценарія має містити UUID шаблону,UUID шаблону сценарію не повинен бути порожнім
100009,Крок сценарія має містити версію шаблону,UUID версії шаблону сценарію не повинен бути порожнім
100010,Не вдалося зберегти,Збереження сценарію не вдалося
100011,Сценарій {0} не знайдено,Сценарій не знайдено
100012,Сценарій {0} видалено,Сценарій видалено
100013,Не вдається створити або оновити сценарій до офіційного рівня доступу,Рівень доступу сценарію не може бути змінений на офіційний рівень доступу. Змінити рівень доступу на офіційний може тільки системний користувач
100014,Крок {0} недоступний на даному етапі,Крок не доступний на даному етапі
100015,Перший крок не може мати початкового шаблону,Перший крок не може мати початкового шаблону
100016,Крок призначення не може бути порожнім,Крок призначення не може бути порожнім
100017,Джерело не може бути порожнім в кроці {0},Джерело кроку не може бути порожнім
100018,Призначення кроку {0} не співпадає,Призначення кроку не збігається з результатом
100019,Дубльований ідентифікатор кроку {0},Дубльований ідентифікатор кроку
100020,Джерело кроку {0} не збігається з жодним попереднім призначенням,"Будь ласка, ознайомтеся з порядком дій"
100021,Довжина назви сценарію не може бути більше 256 символів,Назва сценарію не може бути більше 256 символів
100022,Довжина опису сценарію не може бути більше 256 символів,Опис сценарію не може бути більше 256 символів
100023,Довжина ідентифікатора кроку сценарію не може бути більше 256 символів,Довжина ідентифікатора кроку сценарію не може бути більше 256 символів
100024,Довжина назви кроку сценарію не може бути більше 256 символів,Довжина назви кроку сценарію не може бути більше 256 символів
100025,Умова сценарію не може бути застосована,"Умова сценарію неправильна, перевірте XSLT"
**ЗОВНІШНІ ПОСИЛАННЯ**,,
110001,Назва посилання не може бути порожньою,"Назва посилання є обов'язковою і не може бути порожньою. Будь ласка, вкажіть назву посилання"
110002,Довжина назви посилання перевищила максимальну,Довжина назви посилання перевищує максимально допустиму. Ліміт 255 символів
110003,Адреса посилання не може бути порожньою,Адреса посилання не може бути порожньою
110004,Порядок посиланя має бути позитивним або нульовим,Порядок посиланя має бути позитивним або нульовим
110005,Рівень доступу до посилання не може бути публічним,Рівень доступу до посилання не може бути публічним
110006,"UUID поштової скриньки обов'язковий, якщо рівень доступу за посиланням – поштова скринька","UUID поштової скриньки потрібен, якщо рівень доступу за посиланням – поштова скринька"
110007,Посилання {0} не знайдено,Посилання не знайдено за UUID
110008,Посилання {0} для іншого акаунту,Посилання не належить цьому акаунту
110009,Посилання має невірну URL-адресу,"Посилання має невірну URL-адресу. Будь ласка, виправте"
110010,Не можна використовувати офіційни рівень доступу для посилання,Не можна використовувати офіційни рівень доступу для посилання
**БІЛЛІНГ**,,
120001,Тариф {0} не знайдено в білінговій системі,Тариф не знайдено для акаунту
120002,Ви не можете змінювати тарифний план так часто,"Ви не можете так часто змінювати тарифний план. Будь ласка, спробуйте наступного дня"
120003,"Ліміт вже досягнуто. Можливо, ви захочете оновити свій тарифний план","Ліміт вже досягнуто. Можливо, ви захочете оновити свій тарифний план"
120004,"Ліміт ({0}) вже досягнуто. Можливо, ви захочете оновити свій тарифний план","Ліміт вже досягнуто. Можливо, ви захочете оновити свій тарифний план"
120005,"Ця дія недоступна у вашому тарифному плані. Можливо, ви захочете розглянути можливість переходу на інший тарифний план","Ліміт вже досягнуто. Можливо, ви захочете оновити свій тарифний план"
120006,"Цей тарифний план не можна вибрати. Ліміт '{0}' перевищено. Кількість у вашому обліковому записі становить {1}, а для тарифу не може бути більше ніж {2}",Виберіть інший тариф або змініть обліковий запис
