**ОБЩЕЕ**,,
1000,Неизвестная ошибка,"Произошла неопределенное и непредсказуемое исключение. Если это произошло, пожалуйста, сделайте скриншот ошибки и обратитесь в службу поддержки для устранения проблемы."
1001,Запись не найдена,"Запись с соответствующим параметром запроса не найдена в базе данных. Пожалуйста, проверьте Ваш запрос, сверьте c документацией и отправьте повторно"
1002,Ошибка преобразования XSLT. {0},"Ошибка преобразования XSLT. Это происходит, если мы не можем преобразовать XML документ, используя XSLT шаблон и получить xml структуру конверта . Пожалуйста, обратите внимание на детали ошибки и конкретную строку."
1003,Неверные данные изображения,"Не удалось обработать изображение, используйте другой формат и/или свойства изображения."
1004,Пустое значение для обязательного поля,Вы отправили пустое значение для обязательного поля. Проверьте параметры запроса и отправьте еще раз
1005,Слишком много запросов,"Вы направили слишком много запросов для определенной конечной точки и пользователя. Пожалуйста, попробуйте снова через 10 минут"
1006,Валидация не прошла. {0},"Вы получите эту ошибку, если какие-либо правила проверки полей не удались. Просмотрите детали ошибки, чтобы найти конкретное поле и правило неудачной проверки"
1007,Документ изменен,"Документ уже изменен. Пожалуйста, запросите обновленный документ, а затем измените его."
1008,Неверный XML. {0},"Структура XML неверна, прочтите описание ошибки для уточнения деталей"
1009,Код подтверждения отсутствует,"В запросе не указан код подтверждения. Пожалуйста, проверьте свой запрос, сверьте с документацией и отправьте повторно"
1010,"Пожалуйста, попробуйте позже. На данный момент происходит формирование файлов","На данный момент генерируются файлы. Чтобы сгенерировать файлы еще раз, подождите, пока этот процесс не закончится, а затем повторите попытку."
1011,Неожиданный тип содержимого: {0},"Тип загруженного документа неверен или не соответствует разрешенным. Допустимые типы: CSV, XLS"
1012,Невозможно вычислить хеш файла,Приложение не может вычислить хеш отправленного вами файла
1013,"Поле '{0}' должно иметь длину от {1} символов",Введенное количество символов меньше минимально допустимой длины символов
1014,"Поле '{0}' должно иметь длину менее {1} символов",Количество вводимых символов превышает допустимую максимальную длину символов
1015,"Поле '{0}' должно иметь длину от {1} до {2} символов",Введенное количество символов должно находиться в интервале валидации
1016,Неподдерживаемая локаль: {0},Локальность не поддерживается системой
1017,{0},"Произошла проверка пароля. Пароль должен быть более сложным и содержать латинские символы в нижнем и верхнем регистрах, а также специальные символы."
1018,Неверный часовой пояс: {0},Часовой пояс не поддерживается системой
1019,Файл не готов к загрузке,"Запрашиваемый файл не готов к загрузке. Пожалуйста, подождите некоторое время и попробуйте снова"
1020,Неверное имя файла: {0},Имя файла неверно
1021,Ошибка загрузки файла: {0},"Файл не может быть загружен. Пожалуйста, обратите внимание на пояснения в сообщении об ошибке"
1022,"Обязательный заголовок запроса '{0}'","В этом запросе заголовок запроса обязателен. Пожалуйста, проверьте свой запрос, сверьте с документацией и отправьте повторно"
1023,"Обязательный параметр запроса '{0}'","Параметр запроса является обязательным. Пожалуйста, проверьте ваш запрос, сравните с документацией и отправьте повторно"
1024,"Обязательный параметр запроса тела '{0}'","В этом запросе нужно указать тело запроса. Пожалуйста, проверьте свой запрос, сравните с документацией и отправьте повторно"
1025,"Обязательный параметр пути к запросу '{0}'","В этом запросе требуется параметр пути запроса. Пожалуйста, проверьте ваш запрос, сравните с документацией и отправьте повторно"
1026,Ошибка аутентификации,"Ошибка проверки подлинности, пожалуйста, проверьте логи"
1027,Срок действия токена аутентификации истек или отозван,Токен аутентификации просрочен или отозван. Для решения проблемы авторизуйтесь еще раз
1028,Стандартные исключения Spring MVC: {0},Произошло одно из стандартных исключений сервера. См. сообщение об ошибке и проверьте данные запроса на наличие ошибок.
1029,"Файл '{0}' превысил максимальный размер: {1} > {2}","Размер файла превышает предел для загрузки. Пожалуйста, обратите внимание на максимальный размер в коде ошибки и попробуйте загрузить файл с меньшим размером."
1030,"Несоответствие типа файла для изображения '{0}'","Тип файла изображения не соответствует разрешенным типам файлов. Разрешенные типы файлов: png, jpg, jpeg."
1031,"Изображение '{0}' превысило максимальный размер: {1}x{2}","Размер изображения превышает предел загрузки. Пожалуйста, обратите внимание на максимальный размер в коде ошибки и попробуйте загрузить файл с меньшим размером."
1032,Вложение {0} не найдено,Вложения с введенным UUID не найдены. Проверьте правильность введенного значения
1033,"Вложение '{0}' не имеет формата {1}","Вложение не может быть загружено из-за неправильного формата файла. Пожалуйста, используйте один из разрешенных форматов из списка"
1034,"Источник изображения '{0}' неверен","Тег image поддерживает только префиксы 'data:' и 'image-uuid:' для атрибута source"
1035,"Атрибут Hash должен иметь значение '{0}'",Атрибут Hash необходим для подписания документа
1036,"Хэши изображений не совпадают для '{0}'",Проверьте правильность хешей для изображений
1037,Повторное использование пароля невозможно,Не используйте предыдущие пароли
1038,"Пожалуйста, примите Общие положения и условия и Политику конфиденциальности","Пожалуйста, прочтите и примите Общие положения и условия и Политику конфиденциальности."
1039,Изображение {0} было загружено другим почтовым ящиком {1},Изображение не может быть использовано в текущем почтовом ящике
1040,Для диапазона должно быть указано 2 даты,Неверно указан диапазон дат. Правильный формат диапазона – дата/дата в формате даты ISO 8601
1041,Запрошенный диапазон выходит за пределы,Запрошенный диапазон выходит за пределы
1042,Цепочка комментариев {0} не найдена,Цепочка комментариев с введенным UUID не найден. Проверьте правильность введенных данных
1043,Доступ к цепочке комментариев {0} запрещен,Доступ к цепочке комментариев с введенным UUID запрещен. Проверьте правильность введенных данных
1044,Сообщения с идентификатором {0} в цепочке комментариев {1} не найдено,Такого сообщения нет в цепочке комментариев. Проверьте правильность введенных данных
1045,Основная тема для цепочки уже существует,"Пожалуйста, укажите XPath и создайте новую тему"
1046,Цепочка {0} уже решена или удалена и не может быть изменена,Нет возможности обновлять цепочку
1047,"Вложение '{0}' превысило максимальную длину имени: {1}","Длина имени вложенного файла превышает предел для загрузки. Пожалуйста, обратите внимание на максимальную длину в коде ошибки и попробуйте загрузить файл с меньшей длиной"
1048,Срок действия пароля истек,"Пожалуйста, обновите пароль"
1049,"Чтобы защитить вашу учетную запись от взлома, мы временно заблокировали возможность авторизации. Подождите {0} минут или нажмите ""Забыли пароль?""","Пожалуйста, подождите немного и попробуйте позже"
1050,"Разрешен только один сеанс. Пожалуйста, выйдите из другого",Дополнительная сессия заблокирована
1051,IP-адрес заблокирован,Обратитесь к администратору платформы/аккаунта
1052,Неправильный формат IP или IP-диапазона для [{0}].,"Пожалуйста, исправьте формат IP"
1053,Подсервис недоступен: {0},"Есть инфраструктурная проблема. Пожалуйста, попробуйте позже"
1054,Ошибка подсервиса с сообщением: {0},Возникла ошибка на стороне субсервиса
1055,Слишком большой запрос,"Пожалуйста, уменьшите размер файла/запроса"
1056,Ожидается электронное письмо для авторизации SSO,"Пожалуйста, измените имя пользователя на электронную почту у поставщика идентификационных данных"
1057,Неподдерживаемый уровень доступа: {0},Уровень доступа в этом контексте не поддерживается
1058,Общая категория может относиться только к общей категории,Общая категория может относиться только к общей категории
1059,"uuids' или 'searchParams' должны быть указаны отдельно","Пожалуйста, отправьте 'uuids' или 'searchParams'"
1060,"Изображение '{0}' меньше минимального размера: {1}x{2}","Размер изображения меньше предела для загрузки. Пожалуйста, обратите внимание на минимальный размер в коде ошибки и попробуйте загрузить файл с большим размером."
1061,"Неправильно указан адрес электронной почты или пароль. Попробуйте еще раз или нажмите кнопку ""Забыли пароль?"", чтобы сбросить его.",Введенный адрес электронной почты или пароль неверны
1062,"Неправильно указан адрес электронной почты или пароль. У вас осталась одна попытка. Чтобы избежать временной блокировки, нажмите ""Забыли пароль?""",Введенный адрес электронной почты или пароль неверны
1063,{0},Запрос отклонен системой
1064,"Пожалуйста, войдите с помощью SSO",Корпоративный пользователь не может зарегистрироваться или войти с помощью пароля
1065,Неправильный формат кода,"Пожалуйста, отправьте правильный код из электронной почты"
1066,Поле {0} не может быть пустым,"Пожалуйста, установите значение поля"
1068,Неподдерживаемый формат {0},Этот формат не может быть обработан
1069,Общие почтовые ящики должны быть указаны для уровня доступа = общий,"Проверьте, что общие почтовые ящики заполнены"
**ПОЛЬЗОВАТЕЛЬ/ПРОФИЛЬ**,,
10001,Пользователь {0} не найден,Пользователь с запрашиваемым UUID не найден
10002,Пользователь {0} удален,Пользователь был удален и не может быть использован
10003,Подтверждающее сообщение не действительно,"Введенное подтверждающее сообщение недействительно. Подтверждающее сообщение должно быть электронной почтой пользователя в верхнем регистре (например: ""EMAIL@EXAMPLE.COM"")"
10004,Электронный адрес уже используется: {0},Пользователь с таким электронным адресом уже зарегистрирован
10005,Пользователь уже активирован,Пользователь уже активирован. Для работы в системе необходимо авторизоваться
10006,Приглашение для другого пользователя,"Открытое содержимое не принадлежит вашему конкретному пользователю, войдите в систему с другими учетными данными, чтобы увидеть содержимое"
10007,Сообщение пользователя {0} не найдено,Нет сообщений для текущего пользователя
10008,Код подтверждения электронной почты не найден или истек срок действия,Не найден или истек срок действия кода подтверждения электронной почты. Проверьте правильность введенного кода или отправьте новый.
10009,Код приглашения не найден или истек,Код приглашения не найден или срок действия приглашения истек. Проверьте правильность введенного кода или попросите отправить новый.
10010,"Срок действия вашего приглашения истек, пожалуйста, подтвердите регистрацию",Срок действия кода приглашения истек. Попробуйте зарегистрироваться обычным способом и подтвердить электронную почту.
10011,Приглашение не найдено или срок действия приглашения истек,Приглашения для текущего пользователя не существует или истек срок действия
10012,Email приглашение пуст,Невозможно создать приглашение из-за пустого поля обязательной электронной почты
10013,Учетная запись не предоставлена для обновления,"В запросе пропущен параметр учетной записи. Пожалуйста, проверьте ваш запрос, сравните с документацией и отправьте повторно"
10014,Не предоставлено разрешений для обновления,"В запросе отсутствует список разрешений. Пожалуйста, проверьте свой запрос, сверьте документацию и отправьте повторно"
10015,"Используется неверная роль '{0}'","Роль неверна для конкретного запроса, пожалуйста, проверьте, что введенный UUID роли существует"
10017,"Цвет '{0}' имеет неправильный формат","Неверный формат цвета в запросе. Пожалуйста, используйте формат цвета #FFFFFF"
10018,Пользователь уже заблокирован,Пользователь уже заблокирован
10019,Неверная дата ISO: {0},"Формат даты неверен, используйте формат даты ISO 8601"
10020,Уже приглашены,Этот пользователь уже приглашен в этот объект
10021,Корпоративный пользователь не может себя удалить,Удалить корпоративного пользователя может только администратор аккаунта
10022,Корпоративный пользователь не может создать новую учетную запись,За аккаунтом уже закреплен корпоративный пользователь и его невозможно изменить
10023,Пользователь {0} не является корпоративным,Текущее действие применимо только для корпоративного пользователя
10024,"Пользователь '{0}' уже имеет доступ к учетной записи/почтовому ящику",Данный пользователь уже имеет доступ к этим объектам
10025,Неверный пароль,Старый пароль неверен. Проверьте правильность введенного пароля
10026,Пользователь неактивен,Пользователь еще не подтвердил электронную почту
10027,Пользователь {0} является корпоративным,Текущее действие применимо только для не корпоративного пользователя
10028,Для счета компании необходимо указать ИНН,"Пожалуйста, добавьте отсутствующее свойство в запрос"
10029,Неверный номер телефона,Номер телефона должен быть в международном формате
10030,Эта конечная точка может быть выполнена только для пользователя с просроченным паролем,"Активный пользователь должен использовать другую конечную точку, пожалуйста, проверьте документацию"
10031,Пользователь уже существует,Электронная почта уже зарегистрирована в системе
10032,Пользователь заблокирован,Попросите системного администратора разблокировать
10033,Срок действия проверочной записи истек,"Пожалуйста, повторите операцию"
**УЧЕТНАЯ ЗАПИСЬ**,,
20001,Учетная запись {0} не найдена,"Учетная запись с введенным UUID не найдена. Пожалуйста, проверьте данные запроса"
20002,Учетная запись {0} удалена,Учетная запись с введенным счетом UUID удалена
20004,Разрешается использовать только один почтовый ящик,В данном запросе допускается указать только один почтовый ящик
20005,Роль не имеет учетной записи,"UUID аккаунта является необходимым параметром в запросе. Пожалуйста, введите действительный UUID аккаунта для создания роли"
20006,Роль {0} не найдена,"Роль с указанным UUID в запросе не найдена. Пожалуйста, проверьте данные запроса"
20007,Роль с таким названием уже существует,Роль с таким заглавием уже существует. Введите новое название или удалите существующую роль
20008,Не найдены данные о правах доступа к ролям,"В этом запросе необходимы сведения о правах доступа к ролям. Проверьте данные запроса, сверьте их с документацией и отправьте повторно"
20009,Тип роли не найден,"В запросе неверно указан тип роли. Поддерживаемые типы ролей: Учетная запись, Почтовый ящик и Система. Проверьте данные запроса, сверьте их с документацией и отправьте повторно"
20010,Неподдерживаемый набор разрешений,"В запросе неверно указаны разрешения. Проверьте данные запроса, сверьте их с документацией и отправьте повторно"
20011,"Родительская категория не должна иметь уровень доступа выше, чем подчиненный","Родительская категория не должна иметь уровень доступа выше, чем подчиненный"
20012,"Счет '{0}' не имеет других владельцев",Учетная запись с введенным UUID не имеет других владельцев. Добавьте по крайней мере еще одного владельца аккаунта и повторите действие еще раз
20013,Доменное имя учетной записи не найдено,Имя домена учетной записи пусто в теле запроса на создание домена
20014,Размер доменного имени аккаунта превысил максимальный размер 256,Имя домена аккаунта превышает максимально допустимый размер (256 символов) в теле запроса на создание домена
20015,"Невозможно решить домен '{0}'","Домен не может быть разрешен к IP. Возможно, он не существует"
20016,"Невозможно использовать домен '{0}'",Домен уже проверен и используется другой учетной записью или уже добавлен в текущую учетную запись
20017,"Домен '{0}' не найден",Домен не найден в базе данных по домену domainUuid
20018,Неизвестный метод проверки домена,При выполнении запроса на проверку домена в теле запроса не найден метод проверки домена
20019,Домен уже проверен,Домен уже верифицирован и информация о верификации не может быть изменена
20020,Активировать можно только НЕАКТИВНЫЕ домены,Невозможно активировать непроверенный или уже активированный домен
20021,Деактивировать можно только АКТИВНЫЕ домены,Невозможно деактивировать непроверенный или уже деактивированный домен
20022,Истек срок проверки домена,"Срок действия проверки домена истек. Пожалуйста, используйте метод подтверждения для обновления верификации"
20023,Информация о домене не найдена,Информация о проверке домена не найдена при подтверждении или проверке домена
20024,"Домен '{0}' уже проверен другой учетной записью","Домен прошел верификацию, но он уже был добавлен и верифицирован другой учетной записью."
20025,Домен и аккаунт не совпадают,"Вы пытаетесь получить доступ к домену, который не принадлежит текущему аккаунту"
20026,"Политика пользователя для учетной записи должна быть более строгой, чем глобальная.",Проверьте глобальные политики пользователя /api/v1/settings
20027,"Домен '{0}' должен быть проверен и активен",Домен не активен при создании корпоративного пользователя
20028,Конфликт разрешений на приглашение,Пользователь уже имел доступ к объекту и больше не может быть приглашен к этому объекту
20029,Роли и разрешения приглашений пусты,"В запросе отсутствуют роли или разрешения. Пожалуйста, проверьте свой запрос, сверьте с документацией и отправьте повторно"
20030,"Аккаунт '{0}' не имеет подтвержденных доменов",Аккаунт не имеет подтвержденных доменов
20031,Ошибка при генерации XLSX,Ошибка формирования файла XLSX
20032,Письмо пользователя не найдено,В файле excel корпоративного импорта нет листа с пользователями
20033,Дубликат пользователя {0},Дублированный адрес электронной почты пользователя в файле импорта корпоративных пользователей
20034,Неправильный uuid аккаунта {0} в таблице пользователей аккаунта,Неправильный uuid аккаунта найден в таблице пользователей аккаунта
20035,Ячейка A1 не найдена в таблице пользователей учетной записи,Ячейка A1 не найдена на листе пользователей учетной записи
20036,Почтовый ящик {0} не принадлежит аккаунту или не существует,Почтовый ящик не принадлежит аккаунту или не существует
20037,Найдено дублированное письмо почтового ящика {0},"Найдено более одного листа с одинаковым UUID почтового ящика, хотя должен быть только один"
20038,Ячейка A1 не найдена в листе пользователей почтового ящика,Ячейка A1 не найдена в листе пользователей почтового ящика
20039,Неопределенный пользователь {0} найдено,"Найден адрес электронной почты пользователя, которого нет в списке пользователя"
20040,Ошибка списка ролей пользователя {0},Указанная роль (роли) не существует или принадлежит другой учетной записи
20041,Ошибка в списке разрешений для пользователя {0},Перечисленные разрешения не существуют
20042,Невозможно открыть файл как электронную таблицу,Загруженный файл не является корректным XLSX файлом
20043,"Роль {0} не может быть удалена, поскольку она предназначена пользователям или приглашениям",Роль используется и назначается пользователям или приглашениям
20044,Сумма букв разных типов не может быть больше максимальной длины,"Пожалуйста, обновите политику паролей с корректными значениями"
20045,Пользователь не принадлежит учетной записи,Перечисленный пользователь (пользователі) принадлежит к другому аккаунту
20046,"SSO Identity Provider '{0}' не найден",Поставщик идентификационных данных SSO отсутствует в базе данных
20047,Метаданные URL или XML должны быть указаны отдельно,"Пожалуйста, введите только URL или XML"
20048,Ошибка загрузки/разбора метаданных,"Метаданные не могут быть загружены или проанализированы без ошибок. Пожалуйста, проверьте URL или XML"
20049,IdP и учетная запись не совпадают,"Вы пытаетесь получить доступ к IdP, который не принадлежит текущему аккаунту"
20050,Домен не существует или не активен,"Пожалуйста, активируйте домен"
20051,"SSO Identity Provider не найден для домена '{0}'","SSO Identity Provider не найден для домена. Пожалуйста, установите IdP."
20052,"SSO Identity Provider '{0}' используется для домена и не может быть удален",Отмените назначение IdP. SSO Identity Provider используется для домена и не может быть удален.
20053,"SSO Identity Provider '{0}' должен быть уникальным в системе","Пожалуйста, проверьте метаданные. SSO Identity Provider должен быть уникальным в системе."
20054,Название улицы должно содержать от 1 до 200 символов.,Название улицы должно содержать от 1 до 200 символов.
20055,Название города должно содержать от 1 до 200 символов.,Название города должно содержать от 1 до 200 символов.
20056,Название региона должно содержать от 1 до 200 символов.,Название региона должно содержать от 1 до 200 символов.
20057,Назва країни має містити від 1 до 100 символів,Назва країни має містити від 1 до 100 символів
20058,Поштовий індекс має містити від 1 до 10 символів,Поштовий індекс має містити від 1 до 10 символів
20059,Отформатированный адрес должен содержать от 1 до 300 символов.,Отформатированный адрес должен содержать от 1 до 300 символов.
20060,Платежный адрес аккаунта не найден,"Платежный адрес аккаунта не найден, пожалуйста, создайте новый"
**ПОЧТОВЫЙ ЯЩИК (МЕЙЛБОКС)**,,
30001,Почтовый ящик {0} не найден,Введенный почтовый ящик не найден в системе
30002,Почтовый ящик {0} удален,"Почтовый ящик был удален. Пожалуйста, используйте активный почтовый ящик."
30003,Имя почтового ящика не может быть пустым,Имя почтового ящика не должно быть пустым. Оно должно содержать хотя бы один символ
30004,Длина имени почтового ящика превышает 256,Длина имени почтового ящика не может превышать 256 символов.
30005,Псевдоним почтового ящика не может быть пустым,Имя псевдонима почтового ящика не должно быть пустым. Он должен содержать не менее 3 символов
30006,Превышен максимальный размер псевдонима почтового ящика,Длина псевдонима почтового ящика не может превышать 256 символов.
30007,Псевдоним не найден или присоединен к другому почтовому ящику,"Псевдоним, который вы пытались удалить, не найден или связан с другим почтовым ящиком"
30008,Категория {0} не найден,Категория с введенным вами UUID не существует или не найдена
30010,Категория {0} не найдена,Категория с введенным вами ID не существует или не найдена
30011,Неверное значение parentId,Идентификатор родительской категории недействителен
30012,Псевдоним уже существует,Псевдоним с введенным именем уже существует
30013,Пустой идентификатор категории,"Идентификатор категории в запросе пуст. Пожалуйста, введите необходимый параметр"
30014,Невозможно изменить категорию доступа на официальную,Изменить категорию доступа на официальную невозможно. Официальные категории может создавать только пользователь системы.
30015,Категория уже существует,Категория с введенным идентификатором уже существует
30016,Почтовый ящик {0} не принадлежит учетной записи,"Почтовый ящик не принадлежит этому аккаунту. Проверьте свой запрос и убедитесь, что почтовый ящик, который вы хотите пригласить, принадлежит учетной записи."
30017,У почтового ящика {0} нет других владельцев,Почтовый ящик не имеет другого владельца и не может быть оставлен
30018,Почтовый ящик отправителя не найден,"Почтовый ящик отправителя UUID не найден, проверьте корректность запроса"
30019,UUID почтового ящика пуст,UUID почтового ящика не может быть пустым
30020,UUID почтового ящика недействителен или пуст.,"UUID почтового ящика неверен или пуст. Пожалуйста, отправьте корректный запрос с корректным UUID почтового ящика"
30021,Для псевдонима запрещена электронная почта,"Пожалуйста, не используйте электронную почту в качестве псевдонима, чтобы избежать недоразумений"
**ШАБЛОН**,,
40001,Документ {0} не найден,Документ с введенным идентификатором не найден. Проверьте правильность введенного идентификатора
40002,Шаблон {0} заархивирован,Шаблон с вводимым ID архивируется. Использовать заархивированные шаблоны невозможно.
40003,Шаблон {0} не найден,Шаблон с введенным UUID не найден. Проверьте правильность введенного UUID
40004,Данные шаблона {0} не найдены,"Данные шаблона не найдены в хранилище. Пожалуйста, проверьте Ваш запрос, сверьте документацию и отправьте повторно"
40005,Данные шаблона {0} не найдены,"Данные шаблона не найдены в хранилище. Пожалуйста, проверьте ваш запрос, сравните с документацией и отправьте повторно"
40006,"Шаблон должен иметь уровень доступа, равный или превышающий уровень доступа категории",Уровень доступа к шаблону должен быть равен или выше уровня доступа к категории.
40009,"Должны иметь другие роли, кроме отправителя","Шаблон должен иметь хотя бы одну другую роль, кроме отправителя"
40010,Должен быть только 1 отправитель,Шаблон должен содержать только одну роль с типом Отправитель
40011,Первую роль должен играть отправитель,Первую роль в потоке шаблонов должен играть отправитель.
40012,Должно быть минимум 2 роли,"Шаблон должен иметь по меньшей мере две роли, одна из которых обязательна для отправителя, а другая - для получателя или подписанта."
40013,"Роль '{0}' не имеет назначенных полей","Роль в шаблоне не имеет назначенных полей. Пожалуйста, добавьте поля с предназначенными для этой роли или сделайте эту роль копией"
40014,Сообщение должно быть раньше истечения срока действия,"Если срок действия конверта истекает через 3 дня, мы не можем уведомить на 5-й день. Пожалуйста, установите expire.notifyIn < expire.after"
40015,Роли подписантов без подписей: {0},Роль подписывающей стороны не имеет связанного с ней поля подписи в шаблоне. Добавьте одну или удалите роль подписывающей стороны
40016,Следующие поля предназначены для несуществующих ролей: {0},"Поля предназначены для несуществующих ролей. Пожалуйста, назначьте поля существующим ролям или удалите их"
40017,Следующие роли не имеют назначенных полей: {0},"Роль с определенным ID не имеет назначенных полей в документах. Пожалуйста, добавьте поля, удалите роли или установите роль в качестве копии"
40018,"Ошибка проверки шаблона при поиске документа '{0}' в документе '{1}'. Связанное поле '{2}' не найдено в полях документа","Поле поиска не имеет связанного с ним поля словаря в документе. Пожалуйста, добавьте поле словаря в документ или удалите поле поиска"
40019,"Ошибка проверки шаблона в документе '{0}' при поиске '{1}'. Связанное поле не может быть использовано в качестве источника поиска",Поле поиска не содержит соответствующего источника в словаре. Проверьте доступность словаря/словарной статьи или удалите поле поиска
40020,Дублированные идентификаторы документов: {0},Идентификаторы документов дублируются в шаблоне. Идентификаторы документов должны быть уникальны внутри шаблона
40021,Повторяющиеся названия документов: {0},Названия документов дублируются в шаблоне. Названия документов должны быть уникальными внутри шаблона
40022,"Поле '{0}' имеет min значение > max значение",Вводимые значения минимального значения больше максимального. Не удается установить следующие параметры для поля.
40023,"Поле '{0}' имеет значение точности больше допустимого {1}","Введенное значение точности для поля больше, чем разрешено для данного типа поля"
40025,Шаблон {0} уже удален,Template был удален и мог быть использован для создания конвертов
40026,Пустые данные шаблона,"Параметр данных шаблона пуст. Пожалуйста, используйте допустимую структуру запроса"
40029,"По крайней мере, одно необязательное поле в таблице '{0}'","По крайней мере, одно поле таблицы должно быть обязательным, а также это поле должно быть назначено владельцу таблицы."
40030,Динамический заголовок таблицы не найден. Имя таблицы: {0},Структура таблицы неверна. Таблица должна содержать название.
40031,Динамическая строка заголовка таблицы не найдена. Имя таблицы: {0},Структура таблицы неверна. Таблица должна содержать только одну заглавную строку.
40032,Динамическое название таблицы строк столбцов не найдено. Имя таблицы: {0},Структура таблицы неверна. В структуре таблицы должны быть столбцы.
40033,Динамическая таблица внутри другой таблицы запрещена. Имя родительской таблицы: {0},Невозможно иметь динамическую таблицу внутри другой динамической таблицы
40034,Динамическое тело таблицы не найдено. Имя таблицы: {0},Структура таблицы неверна. Таблица должна содержать тело.
40035,Запретный атрибут стиля: {0},Атрибут таблицы запрещен. Допустимые атрибуты для таблицы: margin
40036,"Поле '{0}' присвоено не той роли","Поле, призначене для ролі, яка не може заповнювати дані. Обмежені ролі — підписувач і копія"
40037,"Ошибка проверки шаблона в документе в поле '{0}' имеет неправильное имя: '{1}'","Поля в шаблоне не должны содержать пробелов или специальных символов. Используйте такие имена, как name, name1, name_1"
40038,Строки не найдены,Таблица должна содержать как минимум 1 строку
40039,"Подпись предназначена для роли, не имеющей права подписи {0}","Поле подписи предназначено для роли, отличающейся от подписчика, пожалуйста, переназначьте поле или удалите поле подписи"
40040,Дублируется имя подписчика в документе {0},Имена полей подписи дублируются. Документ должен иметь уникальные имена полей
40041,"Отсутствует раздел информации о документе, идентификатор документа: {0}","Структура данных шаблона не корректна. Пожалуйста, добавьте информационные разделы в структуру документа"
40042,Слишком много подписей на одну роль {0},Роль подписчика может иметь одно поле для подписи на один документ.
40043,Слишком много полей в документе,Внешний документ может содержать только одно поле вложения
40044,"Неожиданный тип поля '{0}'","Тип вводимого поля не поддерживается. Поддерживаемые типы полей: текст, число, деньги, дата, время, выбор-словарь, да, нет, вложения"
40045,Неожиданное содержание тела документа: {0},"Для внешнего документа допускается только один тип поля ""вложения"""
40046,Имя динамической таблицы не найдено,Не указано имя динамической таблицы
40047,Динамическая таблица roleId не найдена,Поле таблицы не имеет назначенной роли
40048,У шаблона нет подписей,"Документы внутри шаблона не имеют поля для подписи, но имеют роль подписывающего. Добавьте поля для подписи или удалите роль подписывающей стороны и повторите попытку."
40049,Подпись по идентификатору роли не найдена,Поле подписи не имеет роли с соответствующим UUID роли. Добавьте роль подписывающей стороны или удалите поле подписи и повторите попытку.
40050,Не удается изменить шаблон доступа к официальному сайту,Уровень доступа шаблона не может быть изменен на официальный уровень доступа. Только пользователь системы может изменить уровень доступа на официальный
40051,Шаблон {0} несоответствие версии {1},"Несоответствие UUID шаблона и версии шаблона. Пожалуйста, проверьте правильность версии шаблона и содержания шаблона"
40052,Роль шаблона {0} не найдена,Шаблон не имеет роли с этим UUID
40053,В подписи шаблона «{0}» должны быть заполнены оба поля ITN.,"Пожалуйста, заполните как itnDocumentId, так и itnFieldName, или ни один из них"
40054,"Поле ИНН '{0}' не найдено для подписи '{1}'","Убедитесь, что в документе есть правильное поле ИНН, назначенное для подписи."
40055,"Поле ИНН '{0}' имеет неправильный тип или место в документе","Проверьте, что поле ИНН является одним из (текстовое поле, поиск, выборка-словарь), не является обязательным, отсутствует в таблице"
40056,Нет доступа к шаблону {0},Шаблон не имеет роли с UUID
40057,Родительский элемент дублирующегося поля {0} не найден,Дубликат поля не имеет родительского поля в шаблоне
40058,Свойство relatedTo не может быть пустым для поля Duplicate,Заполните свойство правильным значением
40059,Неподдерживаемый тип {0} родительского поля для дубликата {1},Этот тип не допускается для дубликатов родительских полей.
40060,Отсутствует порядок роли,"Роли не задан порядок, в то время как порядок должен быть установлен вручную"
40061,Все роли в одинаковом порядке,Все роли в одинаковом порядке в потоке шаблонов
40062,Роль {0} следует заказывать после {1}.,Неверный набор ролей потока шаблонов
40065,Имя дублируемого поля: {0},Дублируется название поля
40066,Категория или одна из подкатегорий не пуста,В категории или одной из ее подкатегорий есть активный шаблон
40067,Невозможно перейти в эту категорию,"Невозможно переместить категорию внутри категории, которую вы собираетесь удалить"
40068,В шаблоне есть роли с пустыми идентификаторами,"Шаблон синтаксической ошибки. Пожалуйста, проверьте идентификаторы ролей и сделайте их пустыми"
40069,Шаблон играет роль с одинаковым id: {0}.,"Шаблон синтаксической ошибки. Пожалуйста, проверьте идентификаторы ролей и сделайте их уникальными"
40070,Невозможно поделиться шаблоном с самим собой,Почтовый ящик создателя не должен быть в списке sharedTo
40071,Только общие категории могут быть назначены общему шаблону,Только общие категории могут быть назначены общему шаблону
40072,"Поле '{0}' недоступно для поиска","Поддерживаемые типы полей, по которым можно производить поиск: текст, число, деньги, дата, время, выборка-словарь, дубликаты, поиск"
40073,"Поле '{0}' из формулы '{1}' не найдено",Проверьте все поля в формуле
40074,"Неверная формула с именем '{0}'. Проверьте поддерживаемые операции","Пожалуйста, проверьте формулу"
40075,Рекурсивный вызов в формулах,"Пожалуйста, проверьте формулы"
40076,Штамп не поддерживается,"Пожалуйста, не используйте штампы"
**КОНВЕРТ**,,
50001,"Поле ""Конверт"" пустое","Обязательное поле на конверте пустое. Чтобы решить эту проблему, заполните поле допустимым содержанием."
50002,"Значение '{0}' должно быть больше {1}.","Введенное значение в поле меньше минимального значения. Пожалуйста, введите действительное значение"
50003,"Значение '{0}' должно быть меньше {1}.","Введенное значение в поле больше максимального значения. Пожалуйста, введите действительное значение"
50004,"Ожидаемое значение с точностью = {0} для поля '{1}'",Точность введенного значения должна быть выше минимальной точности. Обратите внимание на настройки поля
50005,Пустой список подписей,"Список подписей на конверте пуст. Пожалуйста, добавьте блок подписей перед отправкой запроса"
50006,"Неожиданное значение '{0}' для поля '{1}'. Разрешено: {2}, {3}.","Введенное значение не соответствует ни одному из допустимых значений. Пожалуйста, обратитесь к свойствам поля для уточнения допустимых значений"
50007,Не для всех ролей корректно установлен mailboxUuid,"Эта ошибка возникает, если какая-то роль не имеет валидного uuid почтового ящика на конверте"
50008,Не для всех ролей установлен правильный идентификатор,"Эта ошибка возникает, если какая-либо роль не имеет действительного идентификатора роли на конверте"
50009,Тема конверта не соответствует действительности: {0},"Тема конверта пуста или недействительна. Тема конверта не должна содержать запретных символов: [\/: "" * ?<>|p{C}]+"
50010,"В шаблоне для роли ""{0}"" предопределен почтовый ящик, который нельзя изменить.",UUID почтового ящика предопределен для конкретной роли в шаблоне и не может быть изменен
50011,Конверт {0} не найден,Конверт с введенным UUID не найден. Проверьте правильность введенных данных
50012,Требуется конверт templateUuid или templateVersion,для этого запроса необходим UUID шаблона или UUID версии шаблона
50013,Сгенерированный конверт имеет другой шаблонUuid,Сформированный конверт имеет другой шаблонный UUID в данных конверта или в параметре запроса
50014,Сгенерированный конверт имеет другую versionUuid,Сформированный конверт имеет другую версию шаблона UUID в данных конверта или параметре запроса
50015,"Неверное значение '{0}' поля '{1}', ожидается '{2}'",Введенное значение не соответствует формату даты. Введите значение в формате даты YYYY-MM-DD
50016,"В шаблоне не найден конверт-документ с идентификатором '{0}'",Документ в конверте имеет неверный идентификатор
50017,Конвертный документ {0} не найден в структуре XML,Документ не найден в XML структуре конверта
50018,Отправитель конверта не найден,Отправитель не нашел в XML структуре конверта
50019,Скомпилированный документ {0} не найден в хранилище файлов,Сформированный документ не найден в файловом хранилище. Попытайтесь восстановить документ
50020,Метка {0} не найдена,Метка с определенным UUID не найдена
50021,Поле вложения конверта не найдено в документе {0},"В документе не найдено внешнее вложение документа. Пожалуйста, проверьте загруженный документ и отправьте его еще раз"
50022,Повторяющееся имя поля: {0},"Названия полей дублируются. Пожалуйста, измените название поля, поскольку запрещено дублирование названий"
50023,Таблица должна иметь по крайней мере одну строчку,Таблица должна иметь по крайней мере в одной строке
50024,Подпись {0} в документе {1} выполнена без штампа,Невозможно поставить штамп на документе без использования ключа штампа. Для установки штампа используйте клавишу с опцией штампа
50025,На данный момент это не активная роль подписанта в конверте.,Не время что-либо подписывать
50026,Совокупный размер вложений конвертов превысил лимит,"Совокупный размер вложений, загружаемых в конверт, превышает допустимый размер"
50027,Повторяющиеся IDs вложений: {0},Идентификаторы вложений дублируются в документе. Идентификаторы вложений должны быть уникальными
50028,Источник поиска не найден,"Источник поля поиска не найден. Проверьте, пожалуйста, что словарь или значение в словаре все еще доступны"
50029,Искомое значение не совпадает,"Значение поля поиска в запросе не соответствует значению в словаре. Пожалуйста, проверьте свой запрос, сравните со словарем и отправьте еще раз"
50030,"Неверное значение '{0}' для числового значения поля '{1}'",В числовом поле введен неверный формат значения. Числовое поле принимает только числовые значения
50031,Подписывать документ не требуется {0},Отсутствует подпись для определенного почтового ящика или не наступил черед этого почтового ящика для подписания
50032,"Ошибка проверки подписи с типом '{0}' и сообщения: {1}",Проверьте данные подписей в запросе
50033,Нет данных XML для конверта,Проверьте XML данные конверта в запросе
50034,"Несоответствие типа файла вложения '{0}'","Тип прикрепленного файла не соответствует разрешенным типам файлов. Разрешены типы файлов: pdf, doc, docx, xls, xlsx, xml, dbf, txt, rtf, png, jpg, jpeg, zip. Разрешенные типы файлов могут быть свернуты в соответствии с настройками полей в шаблоне."
50035,У почтового ящика нет доступа к конверту,Доступ к конверту отозван
50036,Невозможно заархивировать конверт в не окончательном статусе: {0},"Невозможно архивировать конверт, если он не имеет окончательного статуса, например, ЗАВЕРШЕНО, ОТМЕНЕНО или ОКОНЧЕНО"
50037,"Плохое base64 значение поля '{0}'","Двойной файл действителен, проверьте, пытаетесь ли вы отправить файл в формате BASE64."
50038,"Ожидаемый тип изображения '{0}' для поля '{1}'","Неверный формат типа изображения. Пожалуйста, обратите внимание на формат файла в коде ошибки и используйте соответствующий формат файла в этом поле."
50039,Максимальный размер изображения: {0} x {1},"Размер изображения не соответствует максимальным ограничениям по ширине и высоте. Пожалуйста, используйте изображение с размером меньше максимального значения."
50040,Простая электронная подпись не создана,"Изображение SES неправильное, убедитесь, что изображение имеет закрашенную область не менее 15 пикселей."
50041,Файл Attachment {0} не найдено,Вложения с введенным UUID не найдены. Проверьте правильность введенного значения
50042,Файл {0} не найден для конверта {1},Файл с введенным UUID не найден во введенном конверте. Проверьте правильность введенных значений
50043,В запросе отсутствует конверт UUID,"Пожалуйста, проверьте UUID конверт в запросе"
50044,Такая маркировка уже существует,"Этикетка с соответствующим названием уже существует. Пожалуйста, используйте существующее или создайте новое с другим названием"
50045,Найдена роль без определения Uuid почтового ящика,У одной из ролей нет UUID почтового ящика в данных конверта
50046,"Данные для подписи '{0}' не найдены в документе '{1}'","Подписное поле не содержит данных для подписи, пожалуйста, проверьте правильность заполнения необходимого поля для подписи"
50047,Подписчики не совпадают для подписи {0},"PDF и текстовые файлы подписаны разными подписчиками, пожалуйста, подпишите документ одним подписчиком и отправьте запрос повторно"
50048,Данные подписи не найдены для источника {0} в документе {1},Подпись в списке подписей отсутствует
50049,Нет активной роли для почтового ящика {0},"UUID почтового ящика, на который вы пытаетесь отправить запрос, не играет активной роли в данном конверте. Пожалуйста, дождитесь своей очереди."
50050,Конверт имеет неправильный статус,Статус конверта не соответствует данному действию и не может быть обработан.
50051,Приложение уже используется,Вложение с введенным UUID уже использовалось в этом конверте
50052,Сертификат не имеет права подписи {0} в документе {1},"Необходим квалифицированный сертификат для подписи данных, но не квалифицированно используется"
50053,Конверт с приглашением {0} не найден,"Конверт с приглашением не найден, данные не соответствуют действительности"
50054,Список принятых конвертов пуст,Список UUID для акцепта пуст
50055,Приглашения на конверты {0} не найдены,В некоторых конвертах запросов нет приглашений для этого пользователя
50056,"Невозможно подтвердить приглашение, конверт {0} находится в финальном статусе",Конверт для приглашения находится в окончательном состоянии
50057,Не найдены роли для приглашения в конверте {0},Конверт не имеет значения для электронной почты
50058,Роль недоступна для обработки {0},Конверт не имеет значения для электронной почты
50059,Значение ИНН не найдено для подписи {0},При подписании не выявлено совпадения значений ИНН
50060,Ожидаемый ИНН не совпадает с номером для подписи {0} в документе {1},"Документ подписан неверной подписью, пожалуйста, проверьте ИНН"
50061,В сценарии конверта нет доступных шагов,В сценарии конверта нет доступных шагов
50062,Невозможно продлить сценарий с незаполненным конвертом,Невозможно продлить сценарий с незаполненным конвертом
50063,Конверт не содержит информации о сценарии,Конверт не содержит информации о сценарии
50064,Родитель повторяющегося поля {0} не найден,Повторяющееся поле не имеет родительского поля в конверте
50065,Шаблон {0} не соответствует шаблону конверта {1},"Убедитесь, что шаблоны совпадают"
50066,"Для поля '{0}' должен быть заполнен UUID записи","Пожалуйста, заполните атрибут 'recordUuid' соответствующим значением"
50067,"UUID вложения должен быть заполнен для поля ""{0}""","Пожалуйста, заполните атрибут «attachmentUuid» правильным значением."
50068,Необходимо указать метку UUID или имя,"Пожалуйста, заполните параметр запроса 'label' или 'labelUuid'"
50069,"Недостаточно UUID, необходимо как минимум {0}",В запросе недостаточно UUID для объединения/добавления в цепочку
50070,Отсутствие доступа к цепочке,Почтовый ящик не имеет доступа ни к одному конверту в этой цепочке UUID
50071,Конверт {0} принадлежит другой цепочке,Конверт прінадлежит другой цепочке
50072,Конверт добавлен в цепочку другим пользователем,Текущий пользователь не имеет права удалять конверт из цепочки
50073,Конверты принадлежат разным цепочкам,Конверты принадлежат к разным цепям
50074,Конверт принадлежит к автоматически созданной цепочке,Конверт принадлежит к автоматически созданной цепочке
50075,Отвердители не могут участвовать в обработке конвертов,Один или несколько согласовантов уже находятся в основном потоке
50076,Подтверждение не допускается на конверте,"Пользователь не может утвердить конверт, возможно, это уже было сделано"
50077,Для согласования необходима причина отказа,"Пожалуйста, добавьте комментарий для утверждения"
50078,Неверный статус утверждения,"Пожалуйста, отправьте правильный статус, отправьте УТВЕРЖДЕНО или ОТКЛОНЕНО"
50079,Роли не соответствуют шаблонным ролям,"Пожалуйста, проверьте отправленный конверт XML для правильного потока"
50080,Утверждение {0} не найдено,Утверждение с введенным UUID для этого конверта не найдено
50081,Не удается управлять или начать/отменить утверждение,Текущий почтовый ящик не может управлять или запускать/отменять утверждение
50082,Процесс согласования уже завершен и не может быть отменен,Процесс согласования уже завершен и не может быть отменен
50083,Почтовый ящик должен быть уникальным в утверждении,"Пожалуйста, обновите поток"
50084,UUID потока или отвердителей должны быть указаны отдельно,"Пожалуйста, отправьте flowUuid или отвердителей"
50085,Удален поток согласования {0},Поток утверждения с введенным UUID удаляется и не может быть использован
50086,Согласовант {0} уже находится в другом потоке одобрения для этого конверта,Согласованты не могут участвовать в нескольких потоках на один конверт
50087,Дубликат значение не совпадает,Значение дублирующего поля в запросе не совпадает со значением связанного поля
50089,Конверт не может быть делегирован,Делегирование в конверте запрещено
50090,Делегат не может отозвать делегацию,Отменить ее может только инициатор делегирования
50091,Делегация не найдена или роль инициатора уже выполнена,"Пожалуйста, проверьте роль делегации"
50092,Делегирование или конверт уже заполнен,Дальнейшие действия запрещены
50093,Поле получателя должно быть UUID или email,"Пожалуйста, проверьте формат поля ""получатель"
50094,Поиск по параметрам поля имеет неправильный формат,Поиск по параметрам поля имеет неправильный формат
50095,Только отправитель может отправить уведомление,Этот пользователь не может отправлять уведомления по электронной почте. Только отправитель может уведомлять о еще незавершенных ролях
50096,Нет конвертов для уведомления,Уведомления уже отправлены для конвертов
50097,Документ не имеет версии для печати,"Только PDF, DOC, DOCX могут иметь версию для печати"
50098,Только заполненные конверты могут быть отправлены по электронной почте,"Пожалуйста, отправляйте только заполненные UUID конверта"
50099,Только конверты {0} разрешены для совместного использования,"Пожалуйста, уменьшите количество конвертов"
50100,Некоторые столбцы нельзя удалить или скрыть,Некоторые столбцы должны быть видны
50101,"Файл '{0}' нельзя редактировать, так как он уже имеет цифровые подписи.","Пожалуйста, выберите другой файл"
50102,"Файл '{0}' зашифрован","Пожалуйста, выберите другой файл"
50103,"Нет столбца '{0}' для сортировки",Неверное поле сортировки
**СПРАВОЧНИК**,,
60001,Словарь {0} не найдено,Словарь с введенным UUID не найден. Проверьте правильность введенных данных
60002,Размер имени словаря превысил максимальный размер,Длина словарного имени превышает максимально допустимую. Лимит 128 символов.
60003,Превышен предел длины описания словаря,лина словарного описания превышает максимально допустимую. Лимит 256 символов.
60004,Имя словаря не может быть пустым,"Имя словаря обязательно и не может быть пустым. Пожалуйста, задайте название словаря"
60005,Колонка словаря не найдена,Столбец словаря с введенным UUID не найден в этом словаре
60006,Пустой столбец UUID,Колонка UUID является обязательным параметром этого запроса. Введите столбец UUID для создания корректного запроса
60007,Значение столбца словаря не найдено,"Значение столбца словаря из UUID в запросе не найдено в базе данных. Пожалуйста, проверьте корректность вашего запроса"
60008,Словарная запись {0} не найдена,Словарная статья с введенным UUID в этом словаре не найдена
60009,Словарь {0} заархивирован,Словарь с введенными UUID заархивирован
60010,Значение столбцов не совпадает,"Значение в столбце словаря и в данных отправляемого вами запроса не совпадают. Пожалуйста, проверьте значение в словаре."
60011,Пустое пользовательское значение не допускается,"Пользовательское значение не может быть пустым для поля словаря. Пожалуйста, выберите и отправьте значение из словаря или отправьте свое собственное значение."
60012,UUID столбца не задан,Поле словаря в шаблоне не имеет UUID столбца словаря. Обновите шаблон и уточните UUID столбца для поля словаря или удалите поле словаря.
60013,UUID словаря не задан,Поле словаря в шаблоне не имеет UUID словаря. Обновите шаблон и уточните UUID словаря для поля словаря или удалите поле словаря.
60014,Словарь должен быть заблокирован для обработки,Словарь заблокирован для обновления. В настоящее время его нельзя обновить. Обновление словаря может занять некоторое время.
60015,"Ожидалось {0} значений в каждой строке, но получено {1}","Количество столбцов и строк в документе, который вы пытались загрузить, отличается, пожалуйста, проверьте ваш файл на достоверность."
60016,Запись словаря должна содержать значение столбцов,"Запись словаря не содержит значения столбца в запросе. Пожалуйста, проверьте ваш запрос, сравните с документацией и отправьте повторно"
60017,Не удается изменить доступ к словарю на официальный,Уровень доступа к словарю нельзя изменить на официальный уровень доступа. Только пользователь системы может изменить уровень доступа на официальный
60018,Данный формат файла не поддерживается,"Введенный формат файла не поддерживается. Поддерживаемые форматы файлов: CSV, XLS"
60019,Словарь заблокирован,Словарь заблокирован для обновления. Обновление может занять некоторое время. При обновлении словарь не может быть изменен
60020,Название столбца не может быть пустым,"Название столбца обязательно и не может быть пустым. Пожалуйста, задайте название столбца"
60021,Превышен предел длины имени столбца,Длина имени столбца превышает максимально допустимую. Ограничение — 64 символа.
60022,Порядок столбцов должен быть >= 0,Порядок столбца не может быть меньше или равен 0. Введите положительное значение порядка.
60023,Превышен предел длины значения столбца,Длина значения записи превышает максимально допустимую. Лимит 256 символов.
60024,Пустой словарь UUID,"Обязателен UUID словаря, если в запросе пусто. Пожалуйста, введите действительный UUID словаря"
60025,Словарная запись не найдена по значению «{0}» в столбце {1},В словаре нет записи с таким значением
60026,Не удается удалить последний столбец,Словарь должен иметь хотя бы один столбец. Последний столбец нельзя удалить из словаря.
60027,Нет доступа к словарю,Нет доступа к словарю
60028,Работа фильтра неизвестна,Работа фильтра неизвестна
60029,Значение фильтра равно нулю,Работа фильтра неизвестна
60030,Задачи экспорта словаря не совпадают,Задачи экспорта словаря не совпадают
60031,Ширина столбца словаря должна быть больше или равна 140,Ширина столбца словаря должна быть больше или равна 140
**ИНТЕГРАЦИЯ**,,
80001,Удалено правило интеграции {0},Удалено правило интеграции с введенным UUID
80002,Правило интеграции {0} не найдено,Правило интеграции с введенным UUID не найдено или не существует
80003,Интеграция не найдена для почтового ящика {0},Конфигурация интеграции не найдена для введенного почтового ящика UUID.
80004,Шаблон имени создает пустое имя файла,Невозможно сгенерировать имя файла
80005,templateUuid не соответствует versionUuid,UUID шаблон не соответствует UUID версии шаблона. Сравните UUID шаблона и версии
80006,Протокол {0} не поддерживается,"Введенный протокол еще не поддерживается. Поддерживаемые протоколы: SFTP, FTPS, AS2, SOAP"
80007,Требуется соответствующий источник шаблона,В этом запросе обязателен соответствующий источник шаблона
80008,Нужен шаблон Uuid,В этом запросе обязателен Template UUID
80009,Требуется версия шаблона Uuid,В этом запросе обязательна версия UUID Template
80010,Требуется правило преобразования,В этом запросе необходимо правило преобразования
80011,Требуется правило шаблона именования,В этом запросе требуется правило шаблона именования.
80012,Источник обязателен,В этом запросе необходимо указать источник
**РАЗРЕШЕНИЯ**,,
90002,У вас недостаточно прав для учетной записи {0},"У пользователя недостаточно прав для выполнения этого действия. Пожалуйста, попросите вашего системного администратора дать разрешения"
90003,У вас недостаточно привилегий в почтовом ящике {0},У пользователя нет достаточных прав для выполнения этого действия. Обратитесь к системному администратору с просьбой предоставить право
90004,У пользователя нет доступа к почтовому ящику.,"Пользователь не имеет доступа ни к одному почтовому ящику. Пожалуйста, добавьте доступ к любому почтовому ящику или войдите в систему пользователем, у которого есть доступ"
90005,Невозможно сделать с системной учетной записью,У пользователя нет достаточных прав для модификации системных данных
90006,Не могу работать с системным почтовым ящиком,У пользователя нет достаточных привилегий для модификации системных данных
90007,У почтового ящика нет доступа к метке,У почтового ящика нет доступа к метке
90008,Нет доступа к словарю {0},Словарь недоступен для вас. Попросите владельца словаря обновить уровень доступа
90009,Нет доступа к шаблону {0},Шаблон недоступен для вас. Попросите владельца шаблона обновить уровень доступа
90010,Нет доступа к родительской категории,Родительская категория для вас недоступна. Попросите владельца категории обновить уровень доступа
90011,Нет доступа к категории,Категория для вас недоступна. Попросите владельца категории обновить уровень доступа
90012,Отсутствие доступа к сообщениям,Уведомления недоступно для вас
90013,Нет доступа к почтовому ящику {0},Пользователь не имеет доступа к почтовому ящику. Попросите вашего системного администратора предоставить разрешения
90014,Нет доступа к почтовому ящику {0}. Отсутствуют разрешения: {1},Пользователь не имеет доступа к определенным функциям этого почтового ящика. Попросите вашего системного администратора дать разрешения. Пропущенные разрешения вы можете найти в сообщении об ошибке
90015,Нет доступа к конверту {0},"У пользователя нет доступа к этому конверту. Конверты могут просматривать только пользователи, включенные в поток обработки"
90017,Роль конверта запрещает изменять данные,"Роль конверта не может изменять данные в конверте. Если вы хотите изменить данные в конверте, установите соответствующую роль на шаблоне"
90018,Нет доступа к аккаунту {0},Пользователь не имеет доступа к этой учетной записи. Попросите вашего системного администратора предоставить права
90019,Заголовок почтового ящика не соответствует uuid почтового ящика,"Пожалуйста, проверьте принадлежность организации к текущему почтовому ящику"
90022,Нет доступа к задаче импорта,Пользователь не имеет доступа к заданию импорта
90026,Отсутствие доступа к вложению,Вложение недоступно для вас
90030,Нельзя отозвать последнего владельца,Вы не можете отозвать последнего владельца объекта
90031,Не владелец сценария,Пользователь не является владельцем сценария
90032,Нет доступа к сценарию,Нет доступа для чтения к сценарию
90033,Изменять комментарий может только автор,Нет доступа для записи к сообщению комментария
**СЦЕНАРИИ**,,
100001,Название сценария не может быть пустым,Имя сценария не может быть пустым или иметь значение NULL.
100002,Описание сценария не может быть пустым,Описание сценария не может быть пустым или нулевым
100003,Уровень доступа к сценарию не может быть пустым,"Уровень доступа к сценарию не может быть пустым или нулевым. Доступ может быть четырех типов: mailbox, account, pub и official"
100004,Id не может быть пустым,Идентификатор шага сценария не может быть пустым или нулевым
100005,Название шага сценария не может быть пустым,Название шага сценария не может быть пустым или нулевой
100006,Карта XSLT шага сценария не может быть пустой,Карта XSLT шага сценария не может быть пустой или иметь значение NULL
100007,Шаги требуются,Сценарий должен иметь не менее 1 шага
100008,UUID шаблона шага сценария не может быть пустым.,Шаблон сценария uuid не должен быть пуст.
100009,Версия шаблона шага сценария не может быть пустой,Версия шаблона сценария не должна быть пустой или нулевой
100010,Не удалось сохранить,Сохранение сценария не удалось
100011,Сценарий {0} не найден,Сценарий не найден
100012,Сценарий {0} удален,Сценарий удален
100013,Невозможно создать или обновить сценарий доступа к официальному,Сценарный уровень доступа не может изменяться на официальный уровень доступа. Изменить уровень доступа на официальный может только пользователь системы
100014,Шаг {0} недоступен на данном этапе,Шаг не доступен на данном этапе
100015,Первый шаг не может иметь исходный шаблон,Первый шаг не может иметь исходный шаблон
100016,Шаг назначения не может быть пустым,Первый шаг не может иметь исходный шаблон
100017,Шаг {0} источник не может быть пустым,Источник шага не может быть пустым
100018,Шаг {0} назначения не совпадает с результатом,Назначение шага не совпадает с результатом
100019,Дублированный идентификатор шага {0},Дублированный идентификатор шага
100020,Шаг {0} источник не совпадает ни с предыдущим пунктом назначения,"Пожалуйста, ознакомьтесь с порядком действий"
100021,Длина названия сценария не может быть больше 256,Название сценария не может быть больше 256
100022,Длина описания сценария не может быть больше 256,Описание сценария не может быть больше 256
100023,Длина идентификатора шага сценария не может быть больше 256,Длина идентификатора шага сценария не может быть больше 256
100024,Длина названия шага сценария не может быть больше 256,Длина названия шага сценария не может быть больше 256
100025,Умова сценарію не може бути застосована,"Неверное условие сценария, проверьте сопоставление XSLT."
**ВНЕШНИЕ СВЯЗИ**,,
110001,Имя ссылки не может быть пустым,"Имя ссылки является обязательным и не может быть пустым. Пожалуйста, укажите название ссылки"
110002,Размер имени ссылки превысил максимальный размер,Размер имени ссылки превышает максимально допустимый. Лимит 255 символов.
110003,Адрес ссылки не может быть пустым,Адрес ссылки не может быть пустым
110004,Порядок ссылок должен быть положительным или нулевым,Порядок ссылок должен быть положительным или нулевым
110005,Уровень доступа к ссылке не может быть публичным,Уровень доступа к ссылке не может быть публичным
110006,"UUID почтового ящика требуется, когда уровень доступа к ссылке — почтовый ящик","UUID почтового ящика требуется, когда уровень доступа к ссылке — почтовый ящик"
110007,Ссылка {0} не найдена,Ссылка не найдена по UUID
110008,Ссылка {0} для другой учетной записи,Ссылка не принадлежит этому аккаунту.
110009,Ссылка имеет неверный URL-адрес,Ссылка имеет неверный URL-адрес. Пожалуйста исправьте
110010,Невозможно использовать официальный доступ по ссылке,Невозможно использовать официальный доступ по ссылке
**БИЛЛИНГ**,,
120001,Тариф {0} не найден в биллинговой системе,Тариф не найден для счета
120002,Вы не можете изменять тарифный план так часто,"Вы не можете менять тарифный план так часто. Пожалуйста, попробуйте на следующий день"
120003,"Лимит уже достигнут. Возможно, вы захотите обновить свой тарифный план","Лимит уже достигнут. Возможно, вы захотите обновить свой тарифный план"
120004,"Лимит ({0}) уже достигнут. Возможно, вы захотите обновить свой тарифный план","Лимит уже достигнут. Возможно, вы захотите обновить свой тарифный план"
120005,"Акция недоступна в вашем тарифном плане. Возможно, вы захотите рассмотреть возможность перехода на тарифный план","Лимит уже достигнут. Возможно, вы захотите обновить свой тарифный план"
120006,"Этот тарифный план нельзя выбрать. Лимит ‘{0}’ превышен. В вашей учетной записи указано {1}, но не более {2}.",Выберите другой тариф или измените свой аккаунт